t(s),joint,q_ref,qdot_ref,qddot_ref,q_fuzzy,q_hac,e_fuzzy,e_hac,ed_fuzzy,ed_hac,pwm_fuzzy,pwm_hac,delta_pwm,grav_fuzzy,grav_hac
0.0000,waist,0.000000,0.000000,0.000000,0.000000,0.000000,0.000000,0.000000,0.000000,0.000000,0.0000,0.0000,0.0000,0.0000,0.0000
0.0000,shoulder,0.000000,-0.000000,-5.000000,0.000000,0.000000,0.000000,0.000000,-0.000000,-0.000000,0.0000,0.0000,0.0000,0.0000,0.0000
0.0000,elbow,0.000000,0.000000,5.000000,0.000000,0.000000,0.000000,0.000000,0.000000,0.000000,0.0000,0.0000,0.0000,0.0000,0.0000
0.0000,wrist_angle,0.000000,0.000000,5.000000,0.000000,0.000000,0.000000,0.000000,0.000000,0.000000,0.0000,0.0000,0.0000,0.0000,0.0000
0.0000,wrist_rotate,0.000000,0.000000,0.000000,0.000000,0.000000,0.000000,0.000000,0.000000,0.000000,0.0000,0.0000,0.0000,0.0000,0.0000
0.0100,waist,0.000000,0.000000,0.000000,0.000000,0.000000,0.000000,0.000000,-0.000000,0.000000,0.0000,0.0000,0.0000,0.0000,0.0000
0.0100,shoulder,-0.000250,-0.050000,-5.000000,0.000000,0.000000,-0.000250,-0.000250,-0.050000,-0.050000,-0.3144,-2.3333,2.0189,0.0000,0.0000
0.0100,elbow,0.000251,0.050000,5.000000,0.000000,0.000000,0.000251,0.000251,0.050000,0.050000,0.4225,2.3371,-1.9146,0.0000,0.0000
0.0100,wrist_angle,0.000250,0.050000,5.000000,0.000000,0.000000,0.000250,0.000250,0.050000,0.050000,0.5511,2.3333,-1.7822,0.0000,0.0000
0.0100,wrist_rotate,0.000000,0.000000,0.000000,0.000000,0.000000,0.000000,0.000000,-0.000000,0.000000,0.0000,0.0000,0.0000,0.0000,0.0000
0.0200,waist,0.000000,0.000000,0.000000,0.000000,0.000000,-0.000000,0.000000,-0.000000,0.000000,0.0000,0.0000,0.0000,0.0000,0.0000
0.0200,shoulder,-0.001000,-0.100000,-5.000000,0.000000,0.000000,-0.001000,-0.001000,-0.099895,-0.099222,-1.2581,-5.9741,4.7160,0.0000,0.0000
0.0200,elbow,0.001003,0.100000,5.000000,0.000000,0.000000,0.001003,0.001003,0.099831,0.099065,1.4738,5.9764,-4.5026,0.0000,0.0000
0.0200,wrist_angle,0.001000,0.100000,5.000000,0.000000,0.000000,0.001000,0.001000,0.099633,0.098444,2.0223,5.9481,-3.9259,0.0000,0.0000
0.0200,wrist_rotate,0.000000,0.000000,0.000000,0.000000,0.000000,-0.000000,0.000000,-0.000000,0.000000,0.0000,0.0000,0.0000,0.0000,0.0000
0.0300,waist,0.000000,0.000000,0.000000,0.000000,0.000000,-0.000000,0.000000,-0.000000,0.000000,0.0000,0.0000,0.0000,0.0000,0.0000
0.0300,shoulder,-0.002250,-0.150000,-5.000000,-0.000001,-0.000008,-0.002249,-0.002242,-0.149476,-0.147231,-2.8388,-10.8882,8.0494,-0.0002,-0.0013
0.0300,elbow,0.002254,0.150000,5.000000,0.000002,0.000009,0.002253,0.002245,0.149241,0.146675,3.1603,10.8761,-7.7158,0.0001,0.0006
0.0300,wrist_angle,0.002250,0.150000,5.000000,0.000004,0.000016,0.002246,0.002234,0.148284,0.144479,4.4190,10.7751,-6.3561,0.0001,0.0006
0.0300,wrist_rotate,0.000000,0.000000,0.000000,0.000000,0.000000,-0.000000,0.000000,-0.000000,0.000000,0.0000,0.0000,0.0000,0.0000,0.0000
0.0400,waist,0.000000,0.000000,0.000000,0.000000,0.000000,-0.000000,0.000000,-0.000000,0.000000,0.0000,0.0000,0.0000,0.0000,0.0000
0.0400,shoulder,-0.004000,-0.200000,-5.000000,-0.000006,-0.000035,-0.003994,-0.003965,-0.198530,-0.193601,-5.0508,-17.0313,11.9806,-0.0010,-0.0059
0.0400,elbow,0.004006,0.200000,5.000000,0.000009,0.000043,0.003996,0.003963,0.197977,0.192324,5.4738,16.9815,-11.5077,0.0006,0.0027
0.0400,wrist_angle,0.004000,0.200000,5.000000,0.000021,0.000071,0.003979,0.003929,0.195338,0.187296,7.7253,16.7240,-8.9987,0.0008,0.0028
0.0400,wrist_rotate,0.000000,0.000000,0.000000,0.000000,0.000000,-0.000000,0.000000,-0.000000,0.000000,0.0000,0.0000,0.0000,0.0000,0.0000
0.0500,waist,0.000000,0.000000,0.000000,0.000000,0.000000,-0.000000,0.000000,-0.000000,0.000000,0.0000,0.0000,0.0000,0.0000,0.0000
0.0500,shoulder,-0.006250,-0.250000,-5.000000,-0.000021,-0.000099,-0.006229,-0.006151,-0.246846,-0.237924,-7.8975,-24.3488,16.4513,-0.0035,-0.0165
0.0500,elbow,0.006257,0.250000,5.000000,0.000030,0.000119,0.006227,0.006138,0.245788,0.235532,8.4149,24.2256,-15.8107,0.0019,0.0076
0.0500,wrist_angle,0.006250,0.250000,5.000000,0.000067,0.000198,0.006183,0.006052,0.240188,0.226146,11.9823,23.6853,-11.7030,0.0027,0.0079
0.0500,wrist_rotate,0.000000,0.000000,0.000000,0.000000,0.000000,-0.000000,0.000000,-0.000000,0.000000,0.0000,0.0000,0.0000,0.0000,0.0000
0.0600,waist,0.000000,0.000000,0.000000,0.000000,0.000000,-0.000000,0.000000,-0.000000,0.000000,0.0000,0.0000,0.0000,0.0000,0.0000
0.0600,shoulder,-0.009000,-0.300000,-5.000000,-0.000053,-0.000220,-0.008947,-0.008780,-0.294214,-0.279808,-11.4040,-32.7762,21.3723,-0.0087,-0.0365
0.0600,elbow,0.009008,0.300000,5.000000,0.000072,0.000264,0.008937,0.008744,0.292422,0.275842,12.0045,32.5295,-20.5251,0.0046,0.0168
0.0600,wrist_angle,0.009000,0.300000,5.000000,0.000166,0.000436,0.008834,0.008564,0.282200,0.260356,17.3259,31.5324,-14.2065,0.0066,0.0175
0.0600,wrist_rotate,0.000000,0.000000,0.000000,0.000000,0.000000,-0.000000,0.000000,-0.000000,0.000000,0.0000,0.0000,0.0000,0.0000,0.0000
0.0700,waist,0.000000,0.000000,0.000000,0.000000,0.000000,-0.000000,0.000000,-0.000000,0.000000,0.0000,0.0000,0.0000,0.0000,0.0000
0.0700,shoulder,-0.012250,-0.350000,-5.000000,-0.000110,-0.000422,-0.012140,-0.011828,-0.340412,-0.318883,-15.6516,-42.2404,26.5888,-0.0183,-0.0700
0.0700,elbow,0.012260,0.350000,5.000000,0.000147,0.000506,0.012112,0.011754,0.337620,0.312830,16.3184,41.8038,-25.4855,0.0094,0.0322
0.0700,wrist_angle,0.012250,0.350000,5.000000,0.000344,0.000833,0.011906,0.011417,0.320650,0.289335,24.0216,40.1237,-16.1021,0.0137,0.0333
0.0700,wrist_rotate,0.000000,0.000000,0.000000,0.000000,0.000000,-0.000000,0.000000,-0.000000,0.000000,0.0000,0.0000,0.0000,0.0000,0.0000
0.0800,waist,0.000000,0.000000,0.000000,0.000000,0.000000,-0.000000,0.000000,-0.000000,0.000000,0.0000,0.0000,0.0000,0.0000,0.0000
0.0800,shoulder,-0.016000,-0.400000,-5.000000,-0.000206,-0.000733,-0.015794,-0.015267,-0.385195,-0.354804,-20.7570,-52.6596,31.9026,-0.0342,-0.1215
0.0800,elbow,0.016011,0.400000,5.000000,0.000271,0.000877,0.015740,0.015134,0.381093,0.346109,21.4652,51.9491,-30.4839,0.0173,0.0559
0.0800,wrist_angle,0.016000,0.400000,5.000000,0.000637,0.001439,0.015363,0.014561,0.354635,0.312586,32.4136,49.3053,-16.8917,0.0255,0.0576
0.0800,wrist_rotate,0.000000,0.000000,0.000000,0.000000,0.000000,-0.000000,0.000000,-0.000000,0.000000,0.0000,0.0000,0.0000,0.0000,0.0000
0.0900,waist,0.000000,0.000000,0.000000,0.000000,0.000000,-0.000000,0.000000,-0.000000,0.000000,0.0000,0.0000,0.0000,0.0000,0.0000
0.0900,shoulder,-0.020250,-0.450000,-5.000000,-0.000354,-0.001185,-0.019896,-0.019065,-0.428277,-0.387253,-26.9045,-63.9442,37.0397,-0.0587,-0.1965
0.0900,elbow,0.020262,0.450000,5.000000,0.000460,0.001416,0.019802,0.018846,0.422507,0.375330,27.6172,62.8572,-35.2400,0.0293,0.0903
0.0900,wrist_angle,0.020250,0.450000,5.000000,0.001091,0.002314,0.019159,0.017936,0.383027,0.329717,42.9910,58.9136,-15.9226,0.0436,0.0925
0.0900,wrist_rotate,0.000000,0.000000,0.000000,0.000000,0.000000,-0.000000,0.000000,-0.000000,0.000000,0.0000,0.0000,0.0000,0.0000,0.0000
0.1000,waist,0.000000,0.000000,0.000000,0.000000,0.000000,-0.000000,0.000000,-0.000000,0.000000,0.0000,0.0000,0.0000,0.0000,0.0000
0.1000,shoulder,-0.025000,-0.500000,-5.000000,-0.000572,-0.001813,-0.024428,-0.023187,-0.469309,-0.415940,-34.3223,-75.9979,41.6756,-0.0947,-0.3005
0.1000,elbow,0.025013,0.500000,5.000000,0.000735,0.002163,0.024278,0.022851,0.461461,0.400189,34.9884,74.4123,-39.4239,0.0469,0.1379
0.1000,wrist_angle,0.025000,0.500000,5.000000,0.001760,0.003516,0.023240,0.021484,0.404366,0.340442,56.2180,68.7783,-12.5603,0.0704,0.1407
0.1000,wrist_rotate,0.000000,0.000000,0.000000,0.000000,0.000000,-0.000000,0.000000,-0.000000,0.000000,0.0000,0.0000,0.0000,0.0000,0.0000
0.1100,waist,0.000000,0.000000,0.000000,0.000000,0.000000,-0.000000,0.000000,-0.000000,0.000000,0.0000,0.0000,0.0000,0.0000,0.0000
0.1100,shoulder,-0.030250,-0.550000,-5.000000,-0.000878,-0.002653,-0.029372,-0.027597,-0.507870,-0.440612,-43.3508,-88.7180,45.3672,-0.1456,-0.4398
0.1100,elbow,0.030265,0.550000,5.000000,0.001121,0.003161,0.029144,0.027104,0.497466,0.420426,43.8868,86.4922,-42.6054,0.0714,0.2015
0.1100,wrist_angle,0.030250,0.550000,5.000000,0.002717,0.005112,0.027533,0.025138,0.416889,0.344592,72.3815,78.7256,-6.3441,0.1087,0.2045
0.1100,wrist_rotate,0.000000,0.000000,0.000000,0.000000,0.000000,-0.000000,0.000000,-0.000000,0.000000,0.0000,0.0000,0.0000,0.0000,0.0000
0.1200,waist,0.000000,0.000000,0.000000,0.000000,0.000000,-0.000000,0.000000,-0.000000,0.000000,0.0000,0.0000,0.0000,0.0000,0.0000
0.1200,shoulder,-0.036000,-0.600000,-5.000000,-0.001300,-0.003747,-0.034700,-0.032253,-0.543421,-0.461045,-54.3312,-101.9967,47.6655,-0.2154,-0.6211
0.1200,elbow,0.036016,0.600000,5.000000,0.001646,0.004457,0.034370,0.031559,0.529912,0.435832,54.6261,98.9697,-44.3435,0.1049,0.2841
0.1200,wrist_angle,0.036000,0.600000,5.000000,0.004048,0.007166,0.031952,0.028834,0.418636,0.342111,91.3287,88.5808,2.7478,0.1619,0.2866
0.1200,wrist_rotate,0.000000,0.000000,0.000000,0.000000,0.000000,-0.000000,0.000000,-0.000000,0.000000,0.0000,0.0000,0.0000,0.0000,0.0000
0.1300,waist,0.000000,0.000000,0.000000,0.000000,0.000000,-0.000000,0.000000,-0.000000,0.000000,0.0000,0.0000,0.0000,0.0000,0.0000
0.1300,shoulder,-0.042250,-0.650000,-5.000000,-0.001866,-0.005137,-0.040384,-0.037113,-0.575314,-0.477054,-67.6324,-115.7218,48.0895,-0.3092,-0.8514
0.1300,elbow,0.042267,0.650000,5.000000,0.002347,0.006098,0.039920,0.036169,0.558064,0.446249,67.5238,111.7137,-44.1898,0.1496,0.3888
0.1300,wrist_angle,0.042250,0.650000,5.000000,0.005862,0.009745,0.036388,0.032505,0.407752,0.333061,112.2302,98.1719,14.0583,0.2345,0.3898
0.1300,wrist_rotate,0.000000,0.000000,0.000000,0.000000,0.000000,-0.000000,0.000000,-0.000000,0.000000,0.0000,0.0000,0.0000,0.0000,0.0000
0.1400,waist,0.000000,0.000000,0.000000,0.000000,0.000000,-0.000000,0.000000,-0.000000,0.000000,0.0000,0.0000,0.0000,0.0000,0.0000
0.1400,shoulder,-0.049000,-0.700000,-5.000000,-0.002612,-0.006866,-0.046388,-0.042134,-0.602774,-0.488491,-83.5169,-129.7778,46.2610,-0.4330,-1.1381
0.1400,elbow,0.049018,0.700000,5.000000,0.003266,0.008136,0.045752,0.040882,0.581056,0.451569,82.7860,124.5908,-41.8048,0.2082,0.5187
0.1400,wrist_angle,0.049000,0.700000,5.000000,0.008284,0.012914,0.040716,0.036086,0.382935,0.317618,133.5887,107.3322,26.2564,0.3314,0.5166
0.1400,wrist_rotate,0.000000,0.000000,0.000000,0.000000,0.000000,-0.000000,0.000000,-0.000000,0.000000,0.0000,0.0000,0.0000,0.0000,0.0000
0.1500,waist,0.000000,0.000000,0.000000,0.000000,0.000000,-0.000000,0.000000,-0.000000,0.000000,0.0000,0.0000,0.0000,0.0000,0.0000
0.1500,shoulder,-0.056250,-0.750000,-5.000000,-0.003585,-0.008981,-0.052665,-0.047269,-0.624940,-0.495246,-102.0569,-144.0467,41.9897,-0.5942,-1.4886
0.1500,elbow,0.056270,0.750000,5.000000,0.004456,0.010620,0.051814,0.045649,0.597945,0.451741,100.4531,137.4665,-37.0135,0.2840,0.6770
0.1500,wrist_angle,0.056250,0.750000,5.000000,0.011455,0.016738,0.044795,0.039512,0.343880,0.296070,153.6009,115.9034,37.6976,0.4582,0.6695
0.1500,wrist_rotate,0.000000,0.000000,0.000000,0.000000,0.000000,-0.000000,0.000000,-0.000000,0.000000,0.0000,0.0000,0.0000,0.0000,0.0000
0.1600,waist,0.000000,0.000000,0.000000,0.000000,0.000000,-0.000000,0.000000,-0.000000,0.000000,0.0000,0.0000,0.0000,0.0000,0.0000
0.1600,shoulder,-0.064000,-0.800000,-5.000000,-0.004835,-0.011529,-0.059165,-0.052471,-0.640929,-0.497249,-122.9856,-158.4089,35.4233,-0.8014,-1.9109
0.1600,elbow,0.064021,0.800000,5.000000,0.005976,0.013603,0.058045,0.050418,0.607768,0.446765,120.2393,150.2070,-29.9677,0.3810,0.8672
0.1600,wrist_angle,0.064000,0.800000,5.000000,0.015516,0.021277,0.048484,0.042723,0.291486,0.268810,170.8207,123.7381,47.0826,0.6206,0.8510
0.1600,wrist_rotate,0.000000,0.000000,0.000000,0.000000,0.000000,-0.000000,0.000000,-0.000000,0.000000,0.0000,0.0000,0.0000,0.0000,0.0000
0.1700,waist,0.000000,0.000000,0.000000,0.000000,0.000000,-0.000000,0.000000,-0.000000,0.000000,0.0000,0.0000,0.0000,0.0000,0.0000
0.1700,shoulder,-0.072250,-0.850000,-5.000000,-0.006426,-0.014556,-0.065824,-0.057694,-0.649944,-0.494471,-145.5882,-172.7447,27.1565,-1.0651,-2.4126
0.1700,elbow,0.072272,0.850000,5.000000,0.007898,0.017135,0.064373,0.055137,0.609678,0.436695,141.4755,162.6800,-21.2045,0.5035,1.0923
0.1700,wrist_angle,0.072250,0.850000,5.000000,0.020601,0.026589,0.051649,0.045661,0.227613,0.236329,184.5294,130.7027,53.8267,0.8240,1.0634
0.1700,wrist_rotate,0.000000,0.000000,0.000000,0.000000,0.000000,-0.000000,0.000000,-0.000000,0.000000,0.0000,0.0000,0.0000,0.0000,0.0000
0.1800,waist,0.000000,0.000000,0.000000,0.000000,0.000000,-0.000000,0.000000,-0.000000,0.000000,0.0000,0.0000,0.0000,0.0000,0.0000
0.1800,shoulder,-0.081000,-0.900000,-5.000000,-0.008427,-0.018112,-0.072573,-0.062888,-0.651428,-0.486920,-168.7279,-186.9348,18.2069,-1.3967,-3.0018
0.1800,elbow,0.081023,0.900000,5.000000,0.010302,0.021268,0.070721,0.059755,0.603096,0.421640,163.1391,174.7565,-11.6174,0.6567,1.3558
0.1800,wrist_angle,0.081000,0.900000,5.000000,0.026825,0.032726,0.054175,0.048274,0.154604,0.199207,194.6321,136.6795,57.9526,1.0729,1.3088
0.1800,wrist_rotate,0.000000,0.000000,0.000000,0.000000,0.000000,-0.000000,0.000000,-0.000000,0.000000,0.0000,0.0000,0.0000,0.0000,0.0000
0.1900,waist,0.000000,0.000000,0.000000,0.000000,0.000000,-0.000000,0.000000,-0.000000,0.000000,0.0000,0.0000,0.0000,0.0000,0.0000
0.1900,shoulder,-0.090250,-0.950000,-5.000000,-0.010912,-0.022242,-0.079338,-0.068008,-0.645204,-0.474647,-191.1017,-200.8614,9.7597,-1.8087,-3.6864
0.1900,elbow,0.090274,0.950000,5.000000,0.013271,0.026052,0.077003,0.064222,0.587851,0.401758,184.0609,186.3120,-2.2511,0.8460,1.6606
0.1900,wrist_angle,0.090250,0.950000,5.000000,0.034279,0.039734,0.055971,0.050516,0.074864,0.158105,201.3634,141.5684,59.7951,1.3709,1.5889
0.1900,wrist_rotate,0.000000,0.000000,0.000000,0.000000,0.000000,-0.000000,0.000000,-0.000000,0.000000,0.0000,0.0000,0.0000,0.0000,0.0000
0.2000,waist,0.000000,0.000000,0.000000,0.000000,0.000000,-0.000000,0.000000,-0.000000,0.000000,0.0000,0.0000,0.0000,0.0000,0.0000
0.2000,shoulder,-0.100000,-1.000000,-5.000000,-0.013960,-0.026996,-0.086040,-0.073004,-0.631526,-0.457741,-211.6290,-214.4095,2.7805,-2.3138,-4.4740
0.2000,elbow,0.100025,1.000000,5.000000,0.016892,0.031534,0.083133,0.068491,0.564239,0.377259,203.2539,197.2279,6.0259,1.0768,2.0100
0.2000,wrist_angle,0.100000,1.000000,5.000000,0.043030,0.047653,0.056970,0.052347,-0.009361,0.113747,205.0177,145.2890,59.7287,1.7207,1.9054
0.2000,wrist_rotate,0.000000,0.000000,0.000000,0.000000,0.000000,-0.000000,0.000000,-0.000000,0.000000,-0.0000,0.0000,-0.0000,0.0000,0.0000
0.2100,waist,0.000000,0.000000,0.000000,0.000000,0.000000,-0.000000,0.000000,-0.000000,0.000000,0.0000,0.0000,0.0000,0.0000,0.0000
0.2100,shoulder,-0.110250,-1.050000,-5.000000,-0.017645,-0.032419,-0.092605,-0.077831,-0.611013,-0.436328,-229.6568,-227.4672,-2.1896,-2.9245,-5.3724
0.2100,elbow,0.110276,1.050000,5.000000,0.021250,0.037762,0.089027,0.072515,0.532954,0.348399,220.1058,207.3925,12.7133,1.3546,2.4067
0.2100,wrist_angle,0.110250,1.050000,5.000000,0.053124,0.056516,0.057126,0.053734,-0.096017,0.066912,205.7778,147.7818,57.9959,2.1240,2.2594
0.2100,wrist_rotate,0.000000,0.000000,0.000000,0.000000,0.000000,-0.000000,0.000000,-0.000000,0.000000,-0.0000,0.0000,-0.0000,0.0000,0.0000
0.2200,waist,0.000000,0.000000,0.000000,0.000000,0.000000,-0.000000,0.000000,-0.000000,0.000000,0.0000,0.0000,0.0000,0.0000,0.0000
0.2200,shoulder,-0.121000,-1.100000,-5.000000,-0.022035,-0.038555,-0.098965,-0.082445,-0.584498,-0.410575,-244.9713,-239.9274,-5.0440,-3.6520,-6.3890
0.2200,elbow,0.121027,1.100000,5.000000,0.026420,0.044778,0.094607,0.076250,0.494933,0.315479,234.3949,216.7022,17.6927,1.6841,2.8536
0.2200,wrist_angle,0.121000,1.100000,5.000000,0.064584,0.066346,0.056416,0.054654,-0.183174,0.018421,203.6151,149.0089,54.6062,2.5816,2.6519
0.2200,wrist_rotate,0.000000,0.000000,0.000000,0.000000,0.000000,-0.000000,0.000000,-0.000000,0.000000,-0.0000,0.0000,-0.0000,0.0000,0.0000
0.2300,waist,0.000000,0.000000,0.000000,0.000000,0.000000,-0.000000,0.000000,-0.000000,0.000000,0.0000,0.0000,0.0000,0.0000,0.0000
0.2300,shoulder,-0.132250,-1.150000,-5.000000,-0.027190,-0.045450,-0.105060,-0.086800,-0.552888,-0.380681,-257.6917,-251.6879,-6.0038,-4.5062,-7.5307
0.2300,elbow,0.132279,1.150000,5.000000,0.032471,0.052623,0.099808,0.079656,0.451201,0.278842,246.1943,225.0628,21.1315,2.0697,3.3532
0.2300,wrist_angle,0.132250,1.150000,5.000000,0.077416,0.077162,0.054834,0.055088,-0.268884,-0.030884,198.2633,148.9548,49.3085,3.0935,3.0834
0.2300,wrist_rotate,0.000000,0.000000,0.000000,0.000000,0.000000,-0.000000,0.000000,-0.000000,0.000000,-0.0000,0.0000,-0.0000,0.0000,0.0000
0.2400,waist,0.000000,0.000000,0.000000,0.000000,0.000000,-0.000000,0.000000,-0.000000,0.000000,0.0000,0.0000,0.0000,0.0000,0.0000
0.2400,shoulder,-0.144000,-1.200000,-5.000000,-0.033161,-0.053143,-0.110839,-0.090857,-0.517048,-0.346882,-268.1297,-262.6530,-5.4766,-5.4954,-8.8043
0.2400,elbow,0.144030,1.200000,5.000000,0.039459,0.061335,0.104571,0.082695,0.402755,0.238868,255.7588,232.3900,23.3688,2.5149,3.9076
0.2400,wrist_angle,0.144000,1.200000,5.000000,0.091605,0.088971,0.052395,0.055029,-0.351019,-0.080147,189.2324,147.6266,41.6059,3.6591,3.5541
0.2400,wrist_rotate,0.000000,0.000000,0.000000,0.000000,0.000000,-0.000000,0.000000,-0.000000,0.000000,-0.0000,0.0000,-0.0000,0.0000,0.0000
0.2500,waist,0.000000,0.000000,0.000000,0.000000,0.000000,-0.000000,0.000000,-0.000000,0.000000,0.0000,0.0000,0.0000,0.0000,0.0000
0.2500,shoulder,-0.156250,-1.250000,-5.000000,-0.039990,-0.061674,-0.116260,-0.094576,-0.477742,-0.309443,-276.6742,-272.7336,-3.9405,-6.6267,-10.2160
0.2500,elbow,0.156281,1.250000,5.000000,0.047431,0.070946,0.108849,0.085335,0.350490,0.195972,263.4127,238.6107,24.8019,3.0226,4.5190
0.2500,wrist_angle,0.156250,1.250000,5.000000,0.107115,0.101772,0.049135,0.054478,-0.427126,-0.128518,175.9219,145.0533,30.8685,4.2764,4.0639
0.2500,wrist_rotate,0.000000,0.000000,0.000000,0.000000,0.000000,-0.000000,0.000000,-0.000000,0.000000,-0.0000,0.0000,-0.0000,0.0000,0.0000
0.2600,waist,0.000000,0.000000,0.000000,0.000000,0.000000,-0.000000,0.000000,-0.000000,0.000000,0.0000,0.0000,0.0000,0.0000,0.0000
0.2600,shoulder,-0.169000,-1.300000,-5.000000,-0.047713,-0.071079,-0.121287,-0.097921,-0.435603,-0.268663,-283.7166,-281.8483,-1.8683,-7.9054,-11.7715
0.2600,elbow,0.169032,1.300000,5.000000,0.056427,0.081486,0.112605,0.087545,0.295171,0.150598,269.4862,243.6635,25.8227,3.5953,5.1890
0.2600,wrist_angle,0.169000,1.300000,5.000000,0.123886,0.115558,0.045114,0.053442,-0.494351,-0.175167,157.9284,141.2860,16.6424,4.9428,4.6120
0.2600,wrist_rotate,0.000000,0.000000,0.000000,0.000000,0.000000,-0.000000,0.000000,-0.000000,0.000000,-0.0000,0.0000,-0.0000,0.0000,0.0000
0.2700,waist,0.000000,0.000000,0.000000,0.000000,0.000000,-0.000000,0.000000,-0.000000,0.000000,0.0000,0.0000,0.0000,0.0000,0.0000
0.2700,shoulder,-0.182250,-1.350000,-5.000000,-0.056357,-0.081393,-0.125893,-0.100857,-0.391132,-0.224865,-289.5975,-289.9239,0.3264,-9.3362,-13.4760
0.2700,elbow,0.182283,1.350000,5.000000,0.066475,0.092980,0.115808,0.089302,0.237432,0.103212,274.2762,247.4992,26.7770,4.2346,5.9189
0.2700,wrist_angle,0.182250,1.350000,5.000000,0.141829,0.130309,0.040421,0.051941,-0.549572,-0.219297,135.5974,136.3962,-0.7987,5.6542,5.1976
0.2700,wrist_rotate,0.000000,0.000000,0.000000,0.000000,0.000000,-0.000000,0.000000,-0.000000,0.000000,-0.0000,0.0000,-0.0000,0.0000,0.0000
0.2800,waist,0.000000,0.000000,0.000000,0.000000,0.000000,-0.000000,0.000000,-0.000000,0.000000,0.0000,0.0000,0.0000,0.0000,0.0000
0.2800,shoulder,-0.196000,-1.400000,-5.000000,-0.065946,-0.092644,-0.130054,-0.103356,-0.344719,-0.178396,-294.6070,-296.8958,2.2889,-10.9226,-15.3338
0.2800,elbow,0.196034,1.400000,5.000000,0.077600,0.105448,0.118433,0.090586,0.177787,0.054303,278.0268,250.0814,27.9454,4.9421,6.7099
0.2800,wrist_angle,0.196000,1.400000,5.000000,0.160825,0.146002,0.035175,0.049998,-0.589896,-0.260160,110.6068,130.4745,-19.8677,6.4053,5.8194
0.2800,wrist_rotate,0.000000,0.000000,0.000000,0.000000,0.000000,-0.000000,0.000000,-0.000000,0.000000,-0.0000,0.0000,-0.0000,0.0000,0.0000
0.2900,waist,0.000000,0.000000,0.000000,0.000000,0.000000,-0.000000,0.000000,-0.000000,0.000000,0.0000,0.0000,0.0000,0.0000,0.0000
0.2900,shoulder,-0.210250,-1.450000,-5.000000,-0.076499,-0.104860,-0.133751,-0.105390,-0.296657,-0.129628,-299.4602,-302.7090,3.2488,-12.6673,-17.3488
0.2900,elbow,0.210285,1.450000,5.000000,0.089823,0.118905,0.120462,0.091380,0.116652,0.004374,280.9241,251.3869,29.5372,5.7185,7.5623
0.2900,wrist_angle,0.210250,1.450000,5.000000,0.180724,0.162604,0.029526,0.047646,-0.613551,-0.297067,85.7440,123.6295,-37.8855,7.1897,6.4755
0.2900,wrist_rotate,0.000000,0.000000,0.000000,0.000000,0.000000,-0.000000,0.000000,-0.000000,0.000000,-0.0000,0.0000,-0.0000,0.0000,0.0000
0.3000,waist,0.000000,0.000000,0.000000,0.000000,0.000000,-0.000000,0.000000,-0.000000,0.000000,-0.0000,0.0000,-0.0000,0.0000,0.0000
0.3000,shoulder,-0.225000,-1.500000,-5.000000,-0.088032,-0.118064,-0.136968,-0.106936,-0.246999,-0.078947,-306.8346,-307.3180,0.4834,-14.5725,-19.5237
0.3000,elbow,0.225035,1.500000,5.000000,0.103156,0.133361,0.121879,0.091674,0.054371,-0.046064,283.1132,251.4057,31.7075,6.5645,8.4766
0.3000,wrist_angle,0.225000,1.500000,5.000000,0.201360,0.180075,0.023640,0.044925,-0.620619,-0.329402,63.6419,115.9852,-52.3433,8.0001,7.1641
0.3000,wrist_rotate,0.000000,0.000000,0.000000,0.000000,0.000000,-0.000000,0.000000,0.000000,0.000000,-0.0000,0.0000,-0.0000,0.0000,0.0000
0.3100,waist,0.000000,0.000000,0.000000,0.000000,0.000000,-0.000000,0.000000,-0.000000,0.000000,-0.0000,0.0000,-0.0000,0.0000,0.0000
0.3100,shoulder,-0.240250,-1.550000,-5.000000,-0.100562,-0.132274,-0.139688,-0.107976,-0.194908,-0.026758,-313.0224,-310.6872,-2.3352,-16.6401,-21.8606
0.3100,elbow,0.240286,1.550000,5.000000,0.117612,0.148822,0.122674,0.091465,-0.008774,-0.096496,284.6776,250.1412,34.5364,7.4805,9.4524
0.3100,wrist_angle,0.240250,1.550000,5.000000,0.222566,0.198369,0.017684,0.041881,-0.612942,-0.356632,45.6769,107.6788,-62.0019,8.8293,7.8828
0.3100,wrist_rotate,0.000000,0.000000,0.000000,0.000000,0.000000,-0.000000,0.000000,0.000000,0.000000,-0.0000,0.0000,-0.0000,0.0000,0.0000
0.3200,waist,0.000000,0.000000,0.000000,0.000000,0.000000,-0.000000,0.000000,-0.000000,0.000000,-0.0000,0.0000,-0.0000,0.0000,0.0000
0.3200,shoulder,-0.256000,-1.600000,-5.000000,-0.114113,-0.147507,-0.141887,-0.108493,-0.140780,0.026524,-318.2687,-312.7915,-5.4772,-18.8732,-24.3607
0.3200,elbow,0.256037,1.600000,5.000000,0.133200,0.165287,0.122837,0.090750,-0.072530,-0.146407,285.6710,247.6101,38.0609,8.4664,10.4891
0.3200,wrist_angle,0.256000,1.600000,5.000000,0.244195,0.217435,0.011805,0.038565,-0.593278,-0.378315,31.7714,98.8587,-67.0873,9.6710,8.6290
0.3200,wrist_rotate,0.000000,0.000000,0.000000,0.000000,0.000000,-0.000000,0.000000,0.000000,0.000000,-0.0000,0.0000,-0.0000,0.0000,0.0000
0.3300,waist,0.000000,0.000000,0.000000,0.000000,0.000000,-0.000000,0.000000,-0.000000,0.000000,-0.0000,0.0000,-0.0000,0.0000,0.0000
0.3300,shoulder,-0.272250,-1.650000,-5.000000,-0.128705,-0.163772,-0.143545,-0.108478,-0.084933,0.080475,-322.7545,-313.6158,-9.1387,-21.2740,-27.0241
0.3300,elbow,0.272288,1.650000,5.000000,0.149925,0.182751,0.122363,0.089537,-0.136668,-0.195290,286.0979,243.8420,42.2559,9.5220,11.5856
0.3300,wrist_angle,0.272250,1.650000,5.000000,0.266128,0.237218,0.006122,0.035032,-0.564333,-0.394108,20.9047,89.6815,-68.7769,10.5199,9.4000
0.3300,wrist_rotate,0.000000,0.000000,0.000000,0.000000,0.000000,-0.000000,0.000000,0.000000,0.000000,-0.0000,0.0000,-0.0000,0.0000,0.0000
0.3400,waist,0.000000,0.000000,0.000000,0.000000,0.000000,-0.000000,0.000000,-0.000000,0.000000,-0.0000,0.0000,-0.0000,0.0000,0.0000
0.3400,shoulder,-0.289000,-1.700000,-5.000000,-0.144356,-0.181077,-0.144644,-0.107923,-0.027621,0.134668,-326.6313,-313.1557,-13.4756,-23.8440,-29.8497
0.3400,elbow,0.289039,1.700000,5.000000,0.167792,0.201204,0.121247,0.087835,-0.200960,-0.242648,285.9193,238.8794,47.0399,10.6466,12.7404
0.3400,wrist_angle,0.289000,1.700000,5.000000,0.288271,0.257659,0.000729,0.031341,-0.528131,-0.403772,11.7401,80.3092,-68.5691,11.3718,10.1927
0.3400,wrist_rotate,0.000000,0.000000,0.000000,0.000000,0.000000,-0.000000,0.000000,0.000000,0.000000,-0.0000,0.0000,-0.0000,0.0000,0.0000
0.3500,waist,0.000000,0.000000,0.000000,0.000000,0.000000,-0.000000,0.000000,-0.000000,0.000000,-0.0000,0.0000,-0.0000,0.0000,0.0000
0.3500,shoulder,-0.306250,-1.750000,-5.000000,-0.161080,-0.199424,-0.145170,-0.106826,0.030951,0.188670,-329.9728,-311.4173,-18.5555,-26.5836,-32.8358
0.3500,elbow,0.306290,1.750000,5.000000,0.186802,0.220630,0.119488,0.085660,-0.265164,-0.288004,285.0519,232.7769,52.2750,11.8395,13.9513
0.3500,wrist_angle,0.306250,1.750000,5.000000,0.310553,0.278697,-0.004303,0.027553,-0.485809,-0.407179,3.3564,70.9065,-67.5502,12.2234,11.0041
0.3500,wrist_rotate,0.000000,0.000000,0.000000,0.000000,0.000000,-0.000000,0.000000,0.000000,0.000000,-0.0000,0.0000,-0.0000,0.0000,0.0000
0.3600,waist,0.000000,0.000000,0.000000,0.000000,0.000000,-0.000000,0.000000,-0.000000,0.000000,-0.0000,0.0000,-0.0000,0.0000,0.0000
0.3600,shoulder,-0.324000,-1.800000,-5.000000,-0.178889,-0.218810,-0.145111,-0.105190,0.090601,0.242055,-332.8144,-308.4165,-24.3979,-29.4930,-35.9791
0.3600,elbow,0.324041,1.800000,5.000000,0.206953,0.241010,0.117087,0.083030,-0.329003,-0.330900,283.3641,225.6006,57.7635,13.0993,15.2161
0.3600,wrist_angle,0.324000,1.800000,5.000000,0.332911,0.300269,-0.008911,0.023731,-0.437887,-0.404306,-4.6939,61.6378,-66.3317,13.0718,11.8311
0.3600,wrist_rotate,0.000000,0.000000,0.000000,0.000000,0.000000,-0.000000,0.000000,0.000000,0.000000,-0.0000,0.0000,-0.0000,0.0000,0.0000
0.3700,waist,0.000000,0.000000,0.000000,0.000000,0.000000,-0.000000,0.000000,-0.000000,0.000000,-0.0000,0.0000,-0.0000,0.0000,0.0000
0.3700,shoulder,-0.342250,-1.850000,-5.000000,-0.197795,-0.239231,-0.144455,-0.103019,0.151161,0.294399,-335.1372,-304.1799,-30.9574,-32.5712,-39.2754
0.3700,elbow,0.342292,1.850000,5.000000,0.228243,0.262319,0.114048,0.079972,-0.392147,-0.370906,280.6583,217.4275,63.2308,14.4245,16.5317
0.3700,wrist_angle,0.342250,1.850000,5.000000,0.355290,0.322312,-0.013040,0.019938,-0.384587,-0.395243,-12.8178,52.6644,-65.4822,13.9145,12.6704
0.3700,wrist_rotate,0.000000,0.000000,0.000000,0.000000,0.000000,-0.000000,0.000000,0.000000,0.000000,-0.0000,0.0000,-0.0000,0.0000,0.0000
0.3800,waist,0.000000,0.000000,0.000000,0.000000,0.000000,-0.000000,0.000000,-0.000000,0.000000,-0.0000,0.0000,-0.0000,0.0000,0.0000
0.3800,shoulder,-0.361000,-1.900000,-5.000000,-0.217807,-0.260675,-0.143193,-0.100325,0.212455,0.345288,-336.8646,-298.7434,-38.1212,-35.8167,-42.7192
0.3800,elbow,0.361042,1.900000,5.000000,0.250665,0.284528,0.110378,0.076514,-0.454188,-0.407623,276.6609,208.3449,68.3160,15.8131,17.8949
0.3800,wrist_angle,0.361000,1.900000,5.000000,0.377636,0.344764,-0.016636,0.016236,-0.325860,-0.380187,-20.9354,44.1417,-65.0771,14.7489,13.5190
0.3800,wrist_rotate,0.000000,0.000000,0.000000,0.000000,0.000000,-0.000000,0.000000,0.000000,0.000000,-0.0000,0.0000,-0.0000,0.0000,0.0000
0.3900,waist,0.000000,0.000000,0.000000,0.000000,0.000000,-0.000000,0.000000,-0.000000,0.000000,-0.0000,0.0000,-0.0000,0.0000,0.0000
0.3900,shoulder,-0.380250,-1.950000,-5.000000,-0.238931,-0.283128,-0.141319,-0.097122,0.274284,0.394322,-337.8689,-292.1527,-45.7162,-39.2271,-46.3040
0.3900,elbow,0.380293,1.950000,5.000000,0.274207,0.307605,0.106087,0.072689,-0.514609,-0.440685,271.0206,198.4487,72.5719,17.2624,19.3020
0.3900,wrist_angle,0.380250,1.950000,5.000000,0.399894,0.367566,-0.019644,0.012684,-0.261710,-0.359438,-28.6092,36.2165,-64.8258,15.5728,14.3738
0.3900,wrist_rotate,0.000000,0.000000,0.000000,0.000000,0.000000,-0.000000,0.000000,0.000000,0.000000,-0.0000,0.0000,-0.0000,0.0000,0.0000
0.4000,waist,0.000000,0.000000,0.000000,0.000000,0.000000,-0.000000,0.000000,-0.000000,0.000000,-0.0000,0.0000,-0.0000,0.0000,0.0000
0.4000,shoulder,-0.400000,-2.000000,-5.000000,-0.261174,-0.306571,-0.138826,-0.093429,0.336404,0.441112,-337.9251,-284.4624,-53.4627,-42.7991,-50.0219
0.4000,elbow,0.400044,2.000000,5.000000,0.298853,0.331511,0.101191,0.068532,-0.572752,-0.469768,263.2991,187.8433,75.4558,18.7695,20.7489
0.4000,wrist_angle,0.400000,2.000000,5.000000,0.422011,0.390660,-0.022011,0.009340,-0.192433,-0.333394,-35.1949,29.0245,-64.2193,16.3838,15.2320
0.4000,wrist_rotate,0.000000,0.000000,0.000000,0.000000,0.000000,-0.000000,0.000000,0.000000,0.000000,-0.0000,0.0000,-0.0000,0.0000,0.0000
0.4100,waist,0.000000,0.000000,0.000000,0.000000,0.000000,-0.000000,0.000000,-0.000000,0.000000,-0.0000,0.0000,-0.0000,0.0000,0.0000
0.4100,shoulder,-0.420250,-2.050000,-5.000000,-0.284538,-0.330982,-0.135712,-0.089268,0.398497,0.485292,-336.7337,-275.7356,-60.9981,-46.5284,-53.8641
0.4100,elbow,0.420295,2.050000,5.000000,0.324580,0.356209,0.095714,0.064086,-0.627783,-0.494586,252.9985,176.6398,76.3587,20.3306,22.2311
0.4100,wrist_angle,0.419750,1.950000,-5.000000,0.443936,0.413994,-0.024186,0.005756,-0.218756,-0.402544,-41.9687,18.0211,-59.9898,17.1799,16.0908
0.4100,wrist_rotate,0.000000,0.000000,0.000000,0.000000,0.000000,-0.000000,0.000000,0.000000,0.000000,-0.0000,0.0000,-0.0000,0.0000,0.0000
0.4200,waist,0.000000,0.000000,0.000000,0.000000,0.000000,-0.000000,0.000000,-0.000000,0.000000,-0.0000,0.0000,-0.0000,0.0000,0.0000
0.4200,shoulder,-0.441000,-2.100000,-5.000000,-0.309023,-0.356335,-0.131977,-0.084665,0.460145,0.526513,-335.4915,-266.0436,-69.4480,-50.4092,-57.8205
0.4200,elbow,0.441045,2.100000,5.000000,0.351358,0.381655,0.089687,0.059390,-0.678669,-0.514900,239.6294,164.9554,74.6741,21.9410,23.7441
0.4200,wrist_angle,0.439000,1.900000,-5.000000,0.465623,0.437520,-0.026623,0.001480,-0.240552,-0.464348,-50.3721,5.4168,-55.7889,17.9592,16.9478
0.4200,wrist_rotate,0.000000,0.000000,0.000000,0.000000,0.000000,-0.000000,0.000000,0.000000,0.000000,0.0000,0.0000,0.0000,0.0000,0.0000
0.4300,waist,0.000000,0.000000,0.000000,0.000000,0.000000,-0.000000,0.000000,-0.000000,0.000000,-0.0000,0.0000,-0.0000,0.0000,0.0000
0.4300,shoulder,-0.462250,-2.150000,-5.000000,-0.334625,-0.382600,-0.127625,-0.079650,0.521329,0.564452,-336.1651,-255.4648,-80.7003,-54.4347,-61.8801
0.4300,elbow,0.462296,2.150000,5.000000,0.379145,0.407804,0.083151,0.054492,-0.724183,-0.530516,222.8464,152.9115,69.9349,23.5955,25.2829
0.4300,wrist_angle,0.457750,1.850000,-5.000000,0.487029,0.461163,-0.029279,-0.003413,-0.256736,-0.517738,-60.4418,-8.5603,-51.8815,18.7201,17.7996
0.4300,wrist_rotate,0.000000,0.000000,0.000000,0.000000,0.000000,-0.000000,0.000000,0.000000,0.000000,0.0000,0.0000,0.0000,0.0000,0.0000
0.4400,waist,0.000000,0.000000,0.000000,0.000000,0.000000,-0.000000,0.000000,-0.000000,0.000000,-0.0000,0.0000,-0.0000,0.0000,0.0000
0.4400,shoulder,-0.484000,-2.200000,-5.000000,-0.361338,-0.409745,-0.122662,-0.074255,0.582686,0.598814,-335.7894,-244.0846,-91.7048,-58.5969,-66.0307
0.4400,elbow,0.484047,2.200000,5.000000,0.407887,0.434609,0.076160,0.049438,-0.762959,-0.541292,202.6703,140.6332,62.0371,25.2877,26.8423
0.4400,wrist_angle,0.476000,1.800000,-5.000000,0.508096,0.484841,-0.032096,-0.008841,-0.266196,-0.561798,-72.0613,-23.6589,-48.4024,19.4606,18.6427
0.4400,wrist_rotate,0.000000,0.000000,0.000000,0.000000,0.000000,-0.000000,0.000000,0.000000,0.000000,0.0000,0.0000,0.0000,0.0000,0.0000
0.4500,waist,0.000000,0.000000,0.000000,0.000000,0.000000,-0.000000,0.000000,0.000000,0.000000,-0.0000,0.0000,-0.0000,0.0000,0.0000
0.4500,shoulder,-0.506250,-2.250000,-5.000000,-0.389165,-0.437733,-0.117085,-0.068517,0.643864,0.629329,-333.9252,-231.9943,-101.9309,-62.8882,-70.2593
0.4500,elbow,0.506298,2.250000,5.000000,0.437516,0.462022,0.068781,0.044276,-0.793638,-0.547132,179.7508,128.2474,51.5034,27.0103,28.4171
0.4500,wrist_angle,0.493750,1.750000,-5.000000,0.528758,0.508459,-0.035008,-0.014709,-0.267901,-0.595781,-84.8975,-39.6091,-45.2885,20.1785,19.4733
0.4500,wrist_rotate,0.000000,0.000000,0.000000,0.000000,0.000000,-0.000000,0.000000,0.000000,0.000000,0.0000,0.0000,0.0000,0.0000,0.0000
0.4600,waist,0.000000,0.000000,0.000000,0.000000,0.000000,-0.000000,0.000000,0.000000,0.000000,-0.0000,0.0000,-0.0000,0.0000,0.0000
0.4600,shoulder,-0.529000,-2.300000,-5.000000,-0.418103,-0.466526,-0.110897,-0.062474,0.704366,0.655759,-329.9904,-219.2907,-110.6997,-67.2991,-74.5521
0.4600,elbow,0.529048,2.300000,5.000000,0.467953,0.489993,0.061096,0.039055,-0.815122,-0.547994,155.5006,115.8819,39.6187,28.7551,30.0020
0.4600,wrist_angle,0.511000,1.700000,-5.000000,0.548937,0.531916,-0.037937,-0.020916,-0.261039,-0.619121,-98.4067,-56.1270,-42.2797,20.8712,20.2874
0.4600,wrist_rotate,0.000000,0.000000,0.000000,0.000000,0.000000,-0.000000,0.000000,0.000000,0.000000,0.0000,0.0000,0.0000,0.0000,0.0000
0.4700,waist,0.000000,0.000000,0.000000,0.000000,0.000000,-0.000000,0.000000,0.000000,0.000000,-0.0000,0.0000,-0.0000,0.0000,0.0000
0.4700,shoulder,-0.552250,-2.350000,-5.000000,-0.448147,-0.496084,-0.104103,-0.056166,0.763500,0.677900,-323.2424,-206.0749,-117.1675,-71.8189,-78.8945
0.4700,elbow,0.552299,2.350000,5.000000,0.499104,0.518473,0.053195,0.033826,-0.826880,-0.543885,131.7830,103.6637,28.1193,30.5132,31.5916
0.4700,wrist_angle,0.527750,1.650000,-5.000000,0.568547,0.555108,-0.040797,-0.027358,-0.245161,-0.631437,-111.8493,-72.9202,-38.9292,21.5363,21.0814
0.4700,wrist_rotate,0.000000,0.000000,0.000000,0.000000,0.000000,-0.000000,0.000000,0.000000,0.000000,0.0000,0.0000,0.0000,0.0000,0.0000
0.4800,waist,0.000000,0.000000,0.000000,0.000000,0.000000,-0.000000,0.000000,0.000000,0.000000,-0.0000,0.0000,-0.0000,0.0000,0.0000
0.4800,shoulder,-0.576000,-2.400000,-5.000000,-0.479282,-0.526363,-0.096718,-0.049637,0.820327,0.695580,-312.8271,-192.4518,-120.3753,-76.4343,-83.2714
0.4800,elbow,0.576050,2.400000,5.000000,0.530873,0.547412,0.045177,0.028637,-0.829124,-0.534864,110.2345,91.7181,18.5164,32.2757,33.1806
0.4800,wrist_angle,0.544000,1.600000,-5.000000,0.587499,0.577922,-0.043499,-0.033922,-0.220313,-0.632548,-124.4548,-89.6922,-34.7626,22.1712,21.8514
0.4800,wrist_rotate,0.000000,0.000000,0.000000,0.000000,0.000000,-0.000000,0.000000,0.000000,0.000000,0.0000,0.0000,0.0000,0.0000,0.0000
0.4900,waist,0.000000,0.000000,0.000000,0.000000,0.000000,-0.000000,0.000000,0.000000,0.000000,-0.0000,0.0000,-0.0000,0.0000,0.0000
0.4900,shoulder,-0.600250,-2.450000,-5.000000,-0.511485,-0.557318,-0.088765,-0.042932,0.873622,0.708663,-297.9221,-178.5293,-119.3927,-81.1301,-87.6672
0.4900,elbow,0.600300,2.450000,5.000000,0.563164,0.576761,0.037136,0.023539,-0.822721,-0.521041,91.8584,80.1672,11.6911,34.0338,34.7636
0.4900,wrist_angle,0.559750,1.550000,-5.000000,0.605702,0.600247,-0.045952,-0.040497,-0.187053,-0.622467,-135.5590,-106.1483,-29.4107,22.7736,22.5939
0.4900,wrist_rotate,0.000000,0.000000,0.000000,0.000000,0.000000,-0.000000,0.000000,0.000000,0.000000,0.0000,0.0000,0.0000,0.0000,0.0000
0.5000,waist,0.000000,0.000000,0.000000,0.000000,0.000000,-0.000000,0.000000,0.000000,0.000000,-0.0000,0.0000,-0.0000,0.0000,0.0000
0.5000,shoulder,-0.625000,-2.500000,-5.000000,-0.544721,-0.588905,-0.080279,-0.036095,0.921889,0.717048,-278.0767,-164.4176,-113.6591,-85.8883,-92.0660
0.5000,elbow,0.625051,2.500000,5.000000,0.595891,0.606471,0.029160,0.018580,-0.808941,-0.502573,76.8751,69.1288,7.7463,35.7795,36.3357
0.5000,wrist_angle,0.575000,1.500000,-5.000000,0.623073,0.621972,-0.048073,-0.046972,-0.146383,-0.601406,-144.7129,-122.0004,-22.7125,23.3413,23.3056
0.5000,wrist_rotate,0.000000,0.000000,0.000000,0.000000,0.000000,-0.000000,0.000000,0.000000,0.000000,0.0000,0.0000,0.0000,0.0000,0.0000
0.5100,waist,0.000000,0.000000,0.000000,0.000000,0.000000,-0.000000,0.000000,0.000000,0.000000,-0.0000,0.0000,-0.0000,0.0000,0.0000
0.5100,shoulder,-0.650250,-2.550000,-5.000000,-0.578940,-0.621076,-0.071310,-0.029174,0.963480,0.720673,-253.7479,-150.2278,-103.5202,-90.6880,-96.4516
0.5100,elbow,0.650301,2.550000,5.000000,0.628981,0.636497,0.021321,0.013804,-0.789140,-0.479665,64.9345,58.7148,6.2197,37.5054,37.8919
0.5100,wrist_angle,0.589750,1.450000,-5.000000,0.639536,0.642986,-0.049786,-0.053236,-0.099602,-0.569768,-151.6877,-136.9720,-14.7157,23.8729,23.9835
0.5100,wrist_rotate,0.000000,0.000000,0.000000,-0.000000,0.000000,0.000000,0.000000,0.000000,0.000000,0.0000,0.0000,0.0000,-0.0000,0.0000
0.5200,waist,0.000000,0.000000,0.000000,0.000000,0.000000,-0.000000,0.000000,0.000000,0.000000,-0.0000,0.0000,-0.0000,0.0000,0.0000
0.5200,shoulder,-0.676000,-2.600000,-5.000000,-0.614075,-0.653782,-0.061925,-0.022218,0.996900,0.719513,-226.8245,-136.0716,-90.7529,-95.5056,-100.8080
0.5200,elbow,0.676052,2.600000,5.000000,0.662372,0.666794,0.013680,0.009258,-0.764537,-0.452568,55.3530,49.0308,6.3222,39.2055,39.4274
0.5200,wrist_angle,0.604000,1.400000,-5.000000,0.655033,0.663184,-0.051033,-0.059184,-0.048165,-0.528140,-156.4080,-150.8032,-5.6048,24.3674,24.6252
0.5200,wrist_rotate,0.000000,0.000000,0.000000,-0.000000,0.000000,0.000000,0.000000,0.000000,0.000000,0.0000,0.0000,0.0000,-0.0000,0.0000
0.5300,waist,0.000000,0.000000,0.000000,0.000000,0.000000,-0.000000,0.000000,0.000000,0.000000,-0.0000,0.0000,-0.0000,0.0000,0.0000
0.5300,shoulder,-0.702250,-2.650000,-5.000000,-0.650044,-0.686977,-0.052206,-0.015273,1.021283,0.713577,-200.3356,-122.0602,-78.2753,-100.3155,-105.1192
0.5300,elbow,0.702303,2.650000,5.000000,0.696017,0.697319,0.006285,0.004983,-0.736075,-0.421574,47.2959,40.1742,7.1217,40.8744,40.9380
0.5300,wrist_angle,0.617750,1.350000,-5.000000,0.669514,0.682465,-0.051764,-0.064715,0.006426,-0.477282,-158.8783,-163.2552,4.3769,24.8242,25.2283
0.5300,wrist_rotate,0.000000,0.000000,0.000000,-0.000000,0.000000,0.000000,0.000000,0.000000,0.000000,0.0000,0.0000,0.0000,-0.0000,0.0000
0.5400,waist,0.000000,0.000000,0.000000,0.000000,0.000000,-0.000000,0.000000,0.000000,0.000000,-0.0000,0.0000,-0.0000,0.0000,0.0000
0.5400,shoulder,-0.729000,-2.700000,-5.000000,-0.686757,-0.720613,-0.042243,-0.008387,1.036775,0.702916,-177.0569,-108.3038,-68.7531,-105.0909,-109.3694
0.5400,elbow,0.729053,2.700000,5.000000,0.729878,0.728035,-0.000825,0.001018,-0.704364,-0.387013,39.9710,32.2339,7.7371,42.5071,42.4195
0.5400,wrist_angle,0.631000,1.300000,-5.000000,0.682950,0.700738,-0.051950,-0.069738,0.062670,-0.418115,-159.1071,-174.1142,15.0071,25.2434,25.7913
0.5400,wrist_rotate,0.000000,0.000000,0.000000,-0.000000,0.000000,0.000000,0.000000,0.000000,0.000000,0.0000,0.0000,0.0000,-0.0000,0.0000
0.5500,waist,0.000000,0.000000,0.000000,0.000000,0.000000,-0.000000,0.000000,0.000000,0.000000,-0.0000,0.0000,-0.0000,0.0000,0.0000
0.5500,shoulder,-0.756250,-2.750000,-5.000000,-0.724125,-0.754642,-0.032125,-0.001608,1.044447,0.687614,-158.4453,-94.9101,-63.5352,-109.8061,-113.5434
0.5500,elbow,0.756304,2.750000,5.000000,0.763922,0.758905,-0.007618,-0.002602,-0.669698,-0.349254,33.0029,25.2888,7.7140,44.0996,43.8681
0.5500,wrist_angle,0.643750,1.250000,-5.000000,0.695323,0.717919,-0.051573,-0.074169,0.119071,-0.351702,-157.0640,-183.1953,26.1313,25.6253,26.3128
0.5500,wrist_rotate,0.000000,0.000000,0.000000,-0.000000,0.000000,0.000000,0.000000,0.000000,0.000000,0.0000,0.0000,0.0000,-0.0000,0.0000
0.5600,waist,0.000000,0.000000,0.000000,0.000000,0.000000,-0.000000,0.000000,0.000000,0.000000,-0.0000,0.0000,-0.0000,0.0000,0.0000
0.5600,shoulder,-0.784000,-2.800000,-5.000000,-0.762069,-0.789018,-0.021931,0.005018,1.045854,0.667795,-144.4699,-81.9841,-62.4858,-114.4371,-117.6265
0.5600,elbow,0.783894,2.767764,1.757773,0.798119,0.789898,-0.014225,-0.006004,-0.664456,-0.340930,25.7399,17.9059,7.8340,45.6478,45.2804
0.5600,wrist_angle,0.656000,1.200000,-5.000000,0.706632,0.733936,-0.050632,-0.077936,0.174116,-0.279227,-152.6681,-190.3458,37.6777,25.9711,26.7919
0.5600,wrist_rotate,0.000000,0.000000,0.000000,-0.000000,0.000000,0.000000,0.000000,0.000000,0.000000,0.0000,0.0000,0.0000,-0.0000,0.0000
0.5700,waist,0.000000,0.000000,0.000000,0.000000,0.000000,-0.000000,0.000000,0.000000,0.000000,-0.0000,0.0000,-0.0000,0.0000,0.0000
0.5700,shoulder,-0.812250,-2.850000,-5.000000,-0.800528,-0.823696,-0.011722,0.011446,1.042543,0.643615,-134.0025,-69.6270,-64.3755,-118.9627,-121.6046
0.5700,elbow,0.811321,2.717764,-5.000000,0.832441,0.820985,-0.021120,-0.009664,-0.724050,-0.397396,16.8595,7.6371,9.2224,47.1480,46.6533
0.5700,wrist_angle,0.667750,1.150000,-5.000000,0.716891,0.748729,-0.049141,-0.080979,0.226234,-0.201980,-145.7962,-195.4472,49.6510,26.2818,27.2283
0.5700,wrist_rotate,0.000000,0.000000,0.000000,-0.000000,0.000000,0.000000,0.000000,0.000000,0.000000,0.0000,0.0000,0.0000,-0.0000,0.0000
0.5800,waist,0.000000,0.000000,0.000000,0.000000,0.000000,-0.000000,0.000000,0.000000,0.000000,-0.0000,0.0000,-0.0000,0.0000,0.0000
0.5800,shoulder,-0.841000,-2.900000,-5.000000,-0.839453,-0.858633,-0.001547,0.017633,1.035685,0.615264,-125.2883,-57.9354,-67.3528,-123.3641,-125.4644
0.5800,elbow,0.838248,2.667764,-5.000000,0.866859,0.852136,-0.028611,-0.013888,-0.780068,-0.449733,5.1984,-4.0421,9.2405,48.5966,47.9839
0.5800,wrist_angle,0.679000,1.100000,-5.000000,0.726129,0.762248,-0.047129,-0.083248,0.273775,-0.121326,-136.3350,-198.4178,62.0828,26.5592,27.6220
0.5800,wrist_rotate,0.000000,0.000000,0.000000,-0.000000,0.000000,0.000000,0.000000,0.000000,0.000000,0.0000,0.0000,0.0000,-0.0000,0.0000
0.5900,waist,0.000000,0.000000,0.000000,0.000000,0.000000,-0.000000,0.000000,0.000000,0.000000,-0.0000,0.0000,-0.0000,0.0000,0.0000
0.5900,shoulder,-0.870250,-2.950000,-5.000000,-0.878810,-0.893785,0.008560,0.023535,1.025865,0.582967,-116.7192,-47.0008,-69.7184,-127.6242,-129.1936
0.5900,elbow,0.864675,2.617764,-5.000000,0.901337,0.883311,-0.036662,-0.018636,-0.831400,-0.497378,-10.2687,-17.0061,6.7374,49.9900,49.2688
0.5900,wrist_angle,0.689750,1.050000,-5.000000,0.734391,0.774462,-0.044641,-0.084712,0.315013,-0.038686,-124.2762,-199.2139,74.9377,26.8054,27.9733
0.5900,wrist_rotate,0.000000,0.000000,0.000000,-0.000000,0.000000,0.000000,0.000000,0.000000,0.000000,0.0000,0.0000,0.0000,-0.0000,0.0000
0.6000,waist,0.000000,0.000000,0.000000,0.000000,0.000000,-0.000000,0.000000,0.000000,0.000000,-0.0000,0.0000,-0.0000,0.0000,0.0000
0.6000,shoulder,-0.900000,-3.000000,-5.000000,-0.918569,-0.929115,0.018569,0.029115,1.013135,0.546978,-106.9103,-36.9085,-70.0018,-131.7271,-132.7807
0.6000,elbow,0.890603,2.567764,-5.000000,0.935829,0.914463,-0.045226,-0.023860,-0.876523,-0.539817,-30.4517,-31.1158,0.6641,51.3246,50.5050
0.6000,wrist_angle,0.700000,1.000000,-5.000000,0.741741,0.785348,-0.041741,-0.085348,0.348214,0.044489,-109.8480,-197.8301,87.9821,27.0229,28.2829
0.6000,wrist_rotate,0.000000,0.000000,0.000000,-0.000000,0.000000,0.000000,0.000000,0.000000,0.000000,0.0000,0.0000,0.0000,-0.0000,0.0000
0.6100,waist,0.000000,0.000000,0.000000,0.000000,0.000000,-0.000000,0.000000,0.000000,0.000000,-0.0000,0.0000,-0.0000,0.0000,0.0000
0.6100,shoulder,-0.929750,-2.950000,5.000000,-0.958700,-0.964585,0.028950,0.034835,1.097083,0.607578,-93.2482,-23.0704,-70.1778,-135.6573,-136.2154
0.6100,elbow,0.916030,2.517764,-5.000000,0.970272,0.945538,-0.054242,-0.029509,-0.913553,-0.576593,-55.7600,-46.2203,-9.5397,52.5963,51.6893
0.6100,wrist_angle,0.709750,0.950000,-5.000000,0.748259,0.794904,-0.038509,-0.085154,0.371800,0.126746,-93.6314,-194.2995,100.6681,27.2146,28.5518
0.6100,wrist_rotate,0.000000,0.000000,0.000000,-0.000000,0.000000,0.000000,0.000000,0.000000,0.000000,0.0000,0.0000,0.0000,-0.0000,0.0000
0.6200,waist,0.000000,0.000000,0.000000,0.000000,0.000000,-0.000000,0.000000,0.000000,0.000000,0.0000,0.0000,0.0000,0.0000,0.0000
0.6200,shoulder,-0.959000,-2.900000,5.000000,-0.999171,-1.000160,0.040171,0.041160,1.176426,0.663521,-72.5882,-7.6097,-64.9785,-139.3995,-139.4882
0.6200,elbow,0.940957,2.467764,-5.000000,1.004585,0.976482,-0.063628,-0.035525,-0.940439,-0.607310,-85.3908,-62.1581,-23.2327,53.8011,52.8190
0.6200,wrist_angle,0.719000,0.900000,-5.000000,0.754041,0.803136,-0.035041,-0.084136,0.384577,0.206653,-76.5795,-188.6930,112.1136,27.3836,28.7815
0.6200,wrist_rotate,0.000000,0.000000,0.000000,-0.000000,0.000000,0.000000,0.000000,0.000000,0.000000,0.0000,0.0000,0.0000,-0.0000,0.0000
0.6300,waist,0.000000,0.000000,0.000000,0.000000,0.000000,-0.000000,0.000000,0.000000,0.000000,0.0000,0.0000,0.0000,0.0000,0.0000
0.6300,shoulder,-0.987750,-2.850000,5.000000,-1.039935,-1.035796,0.052185,0.048046,1.248834,0.714269,-42.9313,9.3412,-52.2724,-142.9381,-142.5895
0.6300,elbow,0.965384,2.417764,-5.000000,1.038667,1.007233,-0.073283,-0.041849,-0.955455,-0.631634,-116.9266,-78.7590,-38.1676,54.9352,53.8915
0.6300,wrist_angle,0.727750,0.850000,-5.000000,0.759195,0.810070,-0.031445,-0.082320,0.385988,0.282824,-59.8105,-181.1180,121.3075,27.5335,28.9734
0.6300,wrist_rotate,0.000000,0.000000,0.000000,-0.000000,0.000000,0.000000,0.000000,0.000000,0.000000,0.0000,0.0000,0.0000,-0.0000,0.0000
0.6400,waist,0.000000,0.000000,0.000000,0.000000,0.000000,-0.000000,0.000000,0.000000,0.000000,0.0000,0.0000,0.0000,0.0000,0.0000
0.6400,shoulder,-1.016000,-2.800000,5.000000,-1.080923,-1.071438,0.064923,0.055438,1.311312,0.759327,-4.7733,27.6361,-32.4094,-146.2566,-145.5103
0.6400,elbow,0.989312,2.367764,-5.000000,1.072399,1.037727,-0.083088,-0.048415,-0.957839,-0.649301,-146.9451,-95.8459,-51.0992,55.9948,54.9048
0.6400,wrist_angle,0.736000,0.800000,-5.000000,0.763835,0.815741,-0.027835,-0.079741,0.376221,0.353949,-44.3243,-171.7159,127.3917,27.6679,29.1294
0.6400,wrist_rotate,0.000000,0.000000,0.000000,-0.000000,0.000000,0.000000,0.000000,0.000000,0.000000,0.0000,0.0000,0.0000,-0.0000,0.0000
0.6500,waist,0.000000,0.000000,0.000000,0.000000,0.000000,-0.000000,0.000000,0.000000,0.000000,0.0000,0.0000,0.0000,0.0000,0.0000
0.6500,shoulder,-1.043750,-2.750000,5.000000,-1.122037,-1.107032,0.078287,0.063282,1.361027,0.798249,36.6547,47.1166,-10.4619,-149.3384,-148.2426
0.6500,elbow,1.012739,2.317764,-5.000000,1.105655,1.067897,-0.092916,-0.055159,-0.948199,-0.660118,-172.7017,-113.2365,-59.4652,56.9771,55.8571
0.6500,wrist_angle,0.743750,0.750000,-5.000000,0.768073,0.820202,-0.024323,-0.076452,0.356133,0.418807,-30.7798,-160.6600,129.8803,27.7900,29.2513
0.6500,wrist_rotate,0.000000,0.000000,0.000000,-0.000000,0.000000,0.000000,0.000000,0.000000,0.000000,0.0000,0.0000,0.0000,-0.0000,0.0000
0.6600,waist,0.000000,0.000000,0.000000,0.000000,0.000000,-0.000000,0.000000,0.000000,0.000000,0.0000,0.0000,0.0000,0.0000,0.0000
0.6600,shoulder,-1.071000,-2.700000,5.000000,-1.163147,-1.142514,0.092147,0.071514,1.396894,0.830642,73.4441,67.6127,5.8313,-152.1677,-150.7795
0.6600,elbow,1.035666,2.267764,-5.000000,1.138315,1.097676,-0.102649,-0.062010,-0.928242,-0.663964,-193.0043,-130.7454,-62.2589,57.8804,56.7471
0.6600,wrist_angle,0.751000,0.700000,-5.000000,0.772012,0.823514,-0.021012,-0.072514,0.327016,0.476296,-19.4485,-148.1520,128.7035,27.9031,29.3415
0.6600,wrist_rotate,0.000000,0.000000,0.000000,-0.000000,0.000000,0.000000,0.000000,0.000000,0.000000,0.0000,0.0000,0.0000,-0.0000,0.0000
0.6700,waist,0.000000,0.000000,0.000000,0.000000,0.000000,-0.000000,0.000000,0.000000,0.000000,0.0000,0.0000,0.0000,0.0000,0.0000
0.6700,shoulder,-1.097750,-2.650000,5.000000,-1.204116,-1.177820,0.106366,0.080070,1.420462,0.856171,100.7567,88.9449,11.8118,-154.7314,-153.1155
0.6700,elbow,1.058093,2.217764,-5.000000,1.170275,1.126994,-0.112182,-0.068900,-0.900150,-0.660792,-208.0095,-148.1858,-59.8237,58.7047,57.5742
0.6700,wrist_angle,0.757750,0.650000,-5.000000,0.775742,0.825751,-0.017992,-0.068001,0.290347,0.525448,-10.3017,-134.4183,124.1166,28.0098,29.4023
0.6700,wrist_rotate,0.000000,0.000000,0.000000,-0.000000,0.000000,0.000000,0.000000,-0.000000,0.000000,0.0000,0.0000,0.0000,-0.0000,0.0000
0.6800,waist,0.000000,0.000000,0.000000,0.000000,0.000000,-0.000000,0.000000,0.000000,0.000000,0.0000,0.0000,0.0000,0.0000,0.0000
0.6800,shoulder,-1.124000,-2.600000,5.000000,-1.244820,-1.212882,0.120820,0.088882,1.434892,0.874559,118.3202,110.9248,7.3954,-157.0214,-155.2464
0.6800,elbow,1.080021,2.167764,-5.000000,1.201454,1.155779,-0.121433,-0.075758,-0.866042,-0.650632,-218.5917,-165.3717,-53.2199,59.4510,58.3382
0.6800,wrist_angle,0.764000,0.600000,-5.000000,0.779338,0.826996,-0.015338,-0.062996,0.247581,0.565445,-3.1023,-119.7060,116.6037,28.1124,29.4360
0.6800,wrist_rotate,0.000000,0.000000,0.000000,-0.000000,0.000000,0.000000,0.000000,-0.000000,0.000000,0.0000,0.0000,0.0000,-0.0000,0.0000
0.6900,waist,0.000000,0.000000,0.000000,0.000000,0.000000,-0.000000,0.000000,0.000000,0.000000,0.0000,0.0000,0.0000,0.0000,0.0000
0.6900,shoulder,-1.149750,-2.550000,5.000000,-1.285169,-1.247628,0.135419,0.097878,1.443438,0.885593,130.6886,133.3575,-2.6689,-159.0347,-157.1698
0.6900,elbow,1.101448,2.117764,-5.000000,1.231792,1.183963,-0.130344,-0.082515,-0.827691,-0.633586,-225.8108,-182.1200,-43.6909,60.1218,59.0394
0.6900,wrist_angle,0.769750,0.550000,-5.000000,0.782862,0.827342,-0.013112,-0.057592,0.200017,0.595634,2.3870,-104.2785,106.6655,28.2125,29.4454
0.6900,wrist_rotate,0.000000,0.000000,0.000000,-0.000000,0.000000,0.000000,0.000000,-0.000000,0.000000,0.0000,0.0000,0.0000,-0.0000,0.0000
0.7000,waist,0.000000,0.000000,0.000000,0.000000,0.000000,-0.000000,0.000000,0.000000,0.000000,0.0000,0.0000,0.0000,0.0000,0.0000
0.7000,shoulder,-1.175000,-2.500000,5.000000,-1.325104,-1.281984,0.150104,0.106984,1.447836,0.889126,148.2944,156.0424,-7.7480,-160.7724,-158.8851
0.7000,elbow,1.122375,2.067764,-5.000000,1.261247,1.211477,-0.138871,-0.089101,-0.786441,-0.609829,-234.9366,-198.2518,-36.6848,60.7200,59.6787
0.7000,wrist_angle,0.775000,0.500000,-5.000000,0.786362,0.826886,-0.011362,-0.051886,0.148795,0.615538,6.3961,-88.4105,94.8066,28.3115,29.4330
0.7000,wrist_rotate,0.000000,0.000000,0.000000,-0.000000,0.000000,0.000000,0.000000,-0.000000,0.000000,0.0000,0.0000,0.0000,-0.0000,0.0000
0.7100,waist,0.000000,0.000000,0.000000,0.000000,0.000000,-0.000000,0.000000,0.000000,0.000000,0.0000,0.0000,0.0000,0.0000,0.0000
0.7100,shoulder,-1.199750,-2.450000,5.000000,-1.364582,-1.315875,0.164832,0.116125,1.446343,0.885074,176.8896,178.7756,-1.8860,-162.2383,-160.3935
0.7100,elbow,1.142803,2.017764,-5.000000,1.289789,1.238253,-0.146986,-0.095450,-0.741532,-0.579610,-244.5405,-213.5952,-30.9453,61.2495,60.2575
0.7100,wrist_angle,0.779750,0.450000,-5.000000,0.789874,0.825730,-0.010124,-0.045980,0.094901,0.624863,9.0836,-72.3833,81.4669,28.4106,29.4017
0.7100,wrist_rotate,0.000000,0.000000,0.000000,-0.000000,0.000000,0.000000,0.000000,-0.000000,0.000000,0.0000,0.0000,0.0000,-0.0000,0.0000
0.7200,waist,0.000000,0.000000,0.000000,0.000000,0.000000,-0.000000,0.000000,0.000000,0.000000,0.0000,0.0000,0.0000,0.0000,0.0000
0.7200,shoulder,-1.224000,-2.400000,5.000000,-1.403546,-1.349226,0.179546,0.125226,1.435299,0.873425,218.4344,201.3515,17.0830,-163.4372,-161.6980
0.7200,elbow,1.162730,1.967764,-5.000000,1.317382,1.264226,-0.154651,-0.101496,-0.692774,-0.543245,-255.6271,-227.9865,-27.6406,61.7140,60.7776
0.7200,wrist_angle,0.784000,0.400000,-5.000000,0.793425,0.823982,-0.009425,-0.039982,0.039217,0.623504,10.5634,-56.4797,67.0432,28.5104,29.3543
0.7200,wrist_rotate,0.000000,0.000000,0.000000,-0.000000,0.000000,0.000000,0.000000,-0.000000,0.000000,0.0000,0.0000,0.0000,-0.0000,0.0000
0.7300,waist,0.000000,0.000000,0.000000,0.000000,0.000000,-0.000000,0.000000,0.000000,0.000000,0.0000,0.0000,0.0000,0.0000,0.0000
0.7300,shoulder,-1.247750,-2.350000,5.000000,-1.441898,-1.381960,0.194148,0.134210,1.410392,0.854235,274.0231,223.5643,50.4589,-164.3750,-162.8035
0.7300,elbow,1.182158,1.917764,-5.000000,1.343987,1.289336,-0.161829,-0.107179,-0.639573,-0.501115,-270.0176,-241.2721,-28.7455,62.1173,61.2415
0.7300,wrist_angle,0.787750,0.350000,-5.000000,0.797033,0.821747,-0.009283,-0.033997,-0.017453,0.611541,10.8580,-40.9792,51.8372,28.6114,29.2934
0.7300,wrist_rotate,0.000000,0.000000,0.000000,-0.000000,0.000000,0.000000,0.000000,-0.000000,0.000000,0.0000,0.0000,0.0000,-0.0000,0.0000
0.7400,waist,0.000000,0.000000,0.000000,0.000000,0.000000,-0.000000,0.000000,0.000000,0.000000,0.0000,0.0000,0.0000,0.0000,0.0000
0.7400,shoulder,-1.271000,-2.300000,5.000000,-1.479502,-1.414002,0.208502,0.143002,1.366943,0.827625,332.4609,245.2103,87.2505,-165.0598,-163.7167
0.7400,elbow,1.201085,1.867764,-5.000000,1.369561,1.313525,-0.168475,-0.112440,-0.580610,-0.453663,-285.8774,-253.3103,-32.5670,62.4635,61.6519
0.7400,wrist_angle,0.791000,0.300000,-5.000000,0.800708,0.819131,-0.009708,-0.028131,-0.074317,0.589243,9.9618,-26.1527,36.1145,28.7140,29.2221
0.7400,wrist_rotate,0.000000,0.000000,0.000000,-0.000000,0.000000,0.000000,0.000000,-0.000000,0.000000,0.0000,0.0000,0.0000,-0.0000,0.0000
0.7500,waist,0.000000,0.000000,0.000000,0.000000,0.000000,-0.000000,0.000000,0.000000,0.000000,0.0000,0.0000,0.0000,0.0000,0.0000
0.7500,shoulder,-1.293750,-2.250000,5.000000,-1.516172,-1.445279,0.222422,0.151529,1.304006,0.793789,377.8048,266.0898,111.7150,-165.5028,-164.4460
0.7500,elbow,1.219513,1.817764,-5.000000,1.394044,1.336739,-0.174532,-0.117227,-0.515298,-0.401391,-302.8650,-263.9729,-38.8922,62.7568,62.0118
0.7500,wrist_angle,0.793750,0.250000,-5.000000,0.804451,0.816239,-0.010701,-0.022489,-0.130583,0.557061,7.8417,-12.2581,20.0998,28.8180,29.1430
0.7500,wrist_rotate,0.000000,0.000000,0.000000,-0.000000,0.000000,0.000000,0.000000,-0.000000,0.000000,0.0000,0.0000,0.0000,-0.0000,0.0000
0.7600,waist,0.000000,0.000000,0.000000,0.000000,0.000000,-0.000000,0.000000,0.000000,0.000000,0.0000,0.0000,0.0000,0.0000,0.0000
0.7600,shoulder,-1.316000,-2.200000,5.000000,-1.551712,-1.475716,0.235712,0.159716,1.225949,0.752984,410.9278,286.0087,124.9191,-165.7198,-165.0014
0.7600,elbow,1.237440,1.767764,-5.000000,1.417375,1.358931,-0.179935,-0.121491,-0.443186,-0.344847,-320.1966,-273.1462,-47.0504,63.0012,62.3246
0.7600,wrist_angle,0.796000,0.200000,-5.000000,0.808257,0.813168,-0.012257,-0.017168,-0.185433,0.515614,4.3730,0.4643,3.9087,28.9234,29.0587
0.7600,wrist_rotate,0.000000,0.000000,0.000000,-0.000000,0.000000,0.000000,0.000000,-0.000000,0.000000,0.0000,0.0000,0.0000,-0.0000,0.0000
0.7700,waist,0.000000,0.000000,0.000000,-0.000000,0.000000,0.000000,0.000000,0.000000,0.000000,0.0000,0.0000,0.0000,-0.0000,0.0000
0.7700,shoulder,-1.337750,-2.150000,5.000000,-1.585971,-1.505246,0.248221,0.167496,1.136848,0.705532,433.6210,304.7805,128.8405,-165.7309,-165.3940
0.7700,elbow,1.254868,1.717764,-5.000000,1.439484,1.380057,-0.184617,-0.125190,-0.364138,-0.284630,-336.9001,-280.7327,-56.1674,63.2012,62.5939
0.7700,wrist_angle,0.797750,0.150000,-5.000000,0.812111,0.810012,-0.014361,-0.012262,-0.237971,0.465684,-0.6201,11.7962,-12.4163,29.0296,28.9718
0.7700,wrist_rotate,0.000000,0.000000,0.000000,-0.000000,0.000000,0.000000,0.000000,-0.000000,0.000000,0.0000,0.0000,0.0000,-0.0000,0.0000
0.7800,waist,0.000000,0.000000,0.000000,-0.000000,0.000000,0.000000,0.000000,0.000000,0.000000,0.0000,0.0000,0.0000,-0.0000,0.0000
0.7800,shoulder,-1.359000,-2.100000,5.000000,-1.618840,-1.533802,0.259840,0.174802,1.040182,0.651817,448.1213,322.2283,125.8929,-165.5587,-165.6366
0.7800,elbow,1.271795,1.667764,-5.000000,1.460303,1.400081,-0.188508,-0.128286,-0.278406,-0.221373,-351.8203,-286.6519,-65.1684,63.3612,62.8233
0.7800,wrist_angle,0.799000,0.100000,-5.000000,0.815991,0.806855,-0.016991,-0.007855,-0.287177,0.408199,-7.4397,21.5444,-28.9841,29.1362,28.8846
0.7800,wrist_rotate,0.000000,0.000000,0.000000,-0.000000,0.000000,0.000000,0.000000,-0.000000,0.000000,0.0000,0.0000,0.0000,-0.0000,0.0000
0.7900,waist,0.000000,0.000000,0.000000,-0.000000,0.000000,0.000000,0.000000,0.000000,0.000000,0.0000,0.0000,0.0000,-0.0000,0.0000
0.7900,shoulder,-1.379750,-2.050000,5.000000,-1.650242,-1.561320,0.270492,0.181570,0.938685,0.592284,456.8034,338.1864,118.6171,-165.2272,-165.7426
0.7900,elbow,1.288223,1.617764,-5.000000,1.479765,1.418972,-0.191543,-0.130750,-0.186702,-0.155746,-364.0242,-290.8412,-73.1830,63.4860,63.0167
0.7900,wrist_angle,0.799750,0.050000,-5.000000,0.819862,0.803773,-0.020112,-0.004023,-0.331836,0.344214,-16.5078,29.5448,-46.0526,29.2421,28.7992
0.7900,wrist_rotate,0.000000,0.000000,0.000000,-0.000000,0.000000,0.000000,0.000000,-0.000000,0.000000,0.0000,0.0000,0.0000,-0.0000,0.0000
0.8000,waist,0.000000,0.000000,0.000000,-0.000000,0.000000,0.000000,0.000000,0.000000,0.000000,0.0000,0.0000,0.0000,-0.0000,0.0000
0.8000,shoulder,-1.400000,-2.000000,5.000000,-1.680129,-1.587743,0.280129,0.187743,0.834299,0.527430,462.2962,352.5018,109.7943,-164.7603,-165.7262
0.8000,elbow,1.304150,1.567764,-5.000000,1.497810,1.436707,-0.193660,-0.132557,-0.090116,-0.088440,-372.7436,-293.2568,-79.4868,63.5803,63.1778
0.8000,wrist_angle,0.800000,0.000000,0.000000,0.823681,0.800831,-0.023681,-0.000831,-0.370449,0.274894,-28.2872,35.6647,-63.9519,29.3461,28.7174
0.8000,wrist_rotate,0.000000,0.000000,0.000000,-0.000000,0.000000,0.000000,0.000000,-0.000000,0.000000,0.0000,0.0000,0.0000,-0.0000,0.0000
0.8100,waist,0.000000,0.000000,0.000000,-0.000000,0.000000,0.000000,0.000000,0.000000,0.000000,0.0000,0.0000,0.0000,-0.0000,0.0000
0.8100,shoulder,-1.419750,-1.950000,5.000000,-1.708472,-1.613017,0.288722,0.193267,0.728087,0.457804,465.9285,365.0363,100.8922,-164.1816,-165.6023
0.8100,elbow,1.319578,1.517764,-5.000000,1.514389,1.453270,-0.194811,-0.133692,0.009960,-0.020165,-377.5650,-293.8738,-83.6912,63.6486,63.3102
0.8100,wrist_angle,0.800000,0.000000,0.000000,0.827385,0.798082,-0.027385,0.001918,-0.351207,0.251493,-42.1075,42.1385,-84.2460,29.4466,28.6407
0.8100,wrist_rotate,0.000000,0.000000,0.000000,-0.000000,0.000000,0.000000,0.000000,-0.000000,0.000000,0.0000,0.0000,0.0000,-0.0000,0.0000
0.8200,waist,0.000000,0.000000,0.000000,-0.000000,0.000000,0.000000,0.000000,0.000000,0.000000,0.0000,0.0000,0.0000,-0.0000,0.0000
0.8200,shoulder,-1.439000,-1.900000,5.000000,-1.735252,-1.637095,0.296252,0.198095,0.620672,0.384001,468.4334,375.6675,92.7659,-163.5136,-165.3859
0.8200,elbow,1.334505,1.467764,-5.000000,1.529467,1.468649,-0.194961,-0.134144,0.111965,0.048359,-378.1577,-292.6868,-85.4709,63.6956,63.4177
0.8200,wrist_angle,0.800000,0.000000,0.000000,0.830897,0.795567,-0.030897,0.004433,-0.322750,0.223776,-56.7333,47.8508,-104.5840,29.5415,28.5704
0.8200,wrist_rotate,0.000000,0.000000,0.000000,-0.000000,0.000000,0.000000,0.000000,-0.000000,0.000000,0.0000,0.0000,0.0000,-0.0000,0.0000
0.8300,waist,0.000000,0.000000,0.000000,-0.000000,0.000000,0.000000,0.000000,0.000000,0.000000,0.0000,0.0000,0.0000,-0.0000,0.0000
0.8300,shoulder,-1.457750,-1.850000,5.000000,-1.760459,-1.659935,0.302709,0.202185,0.512431,0.306658,470.2693,384.2900,85.9793,-162.7777,-165.0919
0.8300,elbow,1.348933,1.417764,-5.000000,1.543025,1.482843,-0.194092,-0.133910,0.214209,0.116410,-374.4321,-289.7098,-84.7223,63.7254,63.5036
0.8300,wrist_angle,0.800000,0.000000,0.000000,0.834125,0.793329,-0.034125,0.006671,-0.284541,0.192249,-71.2984,52.7045,-124.0029,29.6284,28.5077
0.8300,wrist_rotate,0.000000,0.000000,0.000000,0.000000,0.000000,-0.000000,0.000000,-0.000000,0.000000,0.0000,0.0000,0.0000,0.0000,0.0000
0.8400,waist,0.000000,0.000000,0.000000,-0.000000,0.000000,0.000000,0.000000,0.000000,0.000000,0.0000,0.0000,0.0000,-0.0000,0.0000
0.8400,shoulder,-1.476000,-1.800000,5.000000,-1.784083,-1.681502,0.308083,0.205502,0.403587,0.226444,471.7214,390.8170,80.9045,-161.9942,-164.7353
0.8400,elbow,1.362860,1.367764,-5.000000,1.555060,1.495856,-0.192200,-0.132996,0.314962,0.183271,-366.4923,-284.9762,-81.5161,63.7421,63.5711
0.8400,wrist_angle,0.800000,0.000000,0.000000,0.836970,0.791407,-0.036970,0.008593,-0.236622,0.157485,-84.7851,56.6184,-141.4035,29.7047,28.4537
0.8400,wrist_rotate,0.000000,0.000000,0.000000,0.000000,0.000000,-0.000000,0.000000,-0.000000,0.000000,0.0000,0.0000,0.0000,0.0000,0.0000
0.8500,waist,0.000000,0.000000,0.000000,-0.000000,0.000000,0.000000,0.000000,0.000000,0.000000,0.0000,0.0000,0.0000,-0.0000,0.0000
0.8500,shoulder,-1.493750,-1.750000,5.000000,-1.806119,-1.701766,0.312369,0.208016,0.294269,0.144060,472.9403,395.1809,77.7594,-161.1818,-164.3305
0.8500,elbow,1.376288,1.317764,-5.000000,1.565588,1.507701,-0.189300,-0.131413,0.412540,0.248239,-354.6037,-278.5380,-76.0657,63.7491,63.6231
0.8500,wrist_angle,0.800000,0.000000,0.000000,0.839336,0.789832,-0.039336,0.010168,-0.179710,0.120112,-96.2533,59.5279,-155.7812,29.7680,28.4094
0.8500,wrist_rotate,0.000000,0.000000,0.000000,0.000000,0.000000,-0.000000,0.000000,-0.000000,0.000000,0.0000,0.0000,0.0000,0.0000,0.0000
0.8600,waist,0.000000,0.000000,0.000000,-0.000000,0.000000,0.000000,0.000000,0.000000,0.000000,0.0000,0.0000,0.0000,-0.0000,0.0000
0.8600,shoulder,-1.511000,-1.700000,5.000000,-1.826562,-1.720707,0.315562,0.209707,0.184556,0.060225,474.0078,397.3341,76.6737,-160.3581,-163.8910
0.8600,elbow,1.389216,1.267764,-5.000000,1.574640,1.518397,-0.185425,-0.129181,0.505362,0.310634,-339.4038,-270.4658,-68.9380,63.7495,63.6625
0.8600,wrist_angle,0.800000,0.000000,0.000000,0.841134,0.788631,-0.041134,0.011369,-0.115151,0.080798,-104.9729,61.3866,-166.3595,29.8160,28.3756
0.8600,wrist_rotate,0.000000,0.000000,0.000000,0.000000,0.000000,-0.000000,0.000000,-0.000000,0.000000,0.0000,0.0000,0.0000,0.0000,0.0000
0.8700,waist,0.000000,0.000000,0.000000,-0.000000,0.000000,0.000000,0.000000,0.000000,0.000000,0.0000,0.0000,0.0000,-0.0000,0.0000
0.8700,shoulder,-1.527750,-1.650000,5.000000,-1.845408,-1.738309,0.317658,0.210559,0.074497,-0.024321,474.9621,397.2497,77.7125,-159.5395,-163.4299
0.8700,elbow,1.401643,1.217764,-5.000000,1.582264,1.527968,-0.180621,-0.126325,0.592105,0.369800,-321.8396,-260.8477,-60.9919,63.7458,63.6915
0.8700,wrist_angle,0.800000,0.000000,0.000000,0.842285,0.787823,-0.042285,0.012177,-0.044780,0.040245,-110.4828,62.1666,-172.6495,29.8467,28.3528
0.8700,wrist_rotate,0.000000,0.000000,0.000000,0.000000,0.000000,-0.000000,0.000000,-0.000000,0.000000,0.0000,0.0000,0.0000,0.0000,0.0000
0.8800,waist,0.000000,0.000000,0.000000,-0.000000,0.000000,0.000000,0.000000,0.000000,0.000000,0.0000,0.0000,0.0000,-0.0000,0.0000
0.8800,shoulder,-1.544000,-1.600000,5.000000,-1.862653,-1.754566,0.318653,0.210566,-0.035870,-0.108833,475.8195,394.9215,80.8980,-158.7407,-162.9591
0.8800,elbow,1.413571,1.167764,-5.000000,1.588521,1.536448,-0.174950,-0.122877,0.671822,0.425119,-303.1663,-249.7882,-53.3782,63.7400,63.7124
0.8800,wrist_angle,0.800000,0.000000,0.000000,0.842733,0.787420,-0.042733,0.012580,0.029266,-0.000828,-112.5207,61.8594,-174.3801,29.8586,28.3414
0.8800,wrist_rotate,0.000000,0.000000,0.000000,0.000000,0.000000,-0.000000,0.000000,-0.000000,0.000000,0.0000,0.0000,0.0000,0.0000,0.0000
0.8900,waist,0.000000,0.000000,0.000000,-0.000000,0.000000,0.000000,0.000000,0.000000,0.000000,0.0000,0.0000,0.0000,-0.0000,0.0000
0.8900,shoulder,-1.559750,-1.550000,5.000000,-1.878294,-1.769477,0.318544,0.209727,-0.146512,-0.192564,476.5786,390.3647,86.2139,-157.9753,-162.4893
0.8900,elbow,1.424999,1.117764,-5.000000,1.593480,1.543874,-0.168482,-0.118875,0.744069,0.476015,-284.6246,-237.4072,-47.2174,63.7336,63.7269
0.8900,wrist_angle,0.800000,0.000000,0.000000,0.842440,0.787429,-0.042440,0.012571,0.104670,-0.041697,-110.9436,60.4752,-171.4188,29.8508,28.3416
0.8900,wrist_rotate,0.000000,0.000000,0.000000,0.000000,0.000000,-0.000000,0.000000,-0.000000,0.000000,0.0000,0.0000,0.0000,0.0000,0.0000
0.9000,waist,0.000000,0.000000,0.000000,-0.000000,0.000000,0.000000,0.000000,0.000000,0.000000,0.0000,0.0000,0.0000,-0.0000,0.0000
0.9000,shoulder,-1.575000,-1.500000,5.000000,-1.892329,-1.783052,0.317329,0.208052,-0.257397,-0.274769,477.2257,383.6152,93.6104,-157.2557,-162.0303
0.9000,elbow,1.435926,1.067764,-5.000000,1.597217,1.550292,-0.161291,-0.114365,0.808900,0.521958,-267.2047,-223.8389,-43.3658,63.7278,63.7366
0.9000,wrist_angle,0.800000,0.000000,0.000000,0.841393,0.787846,-0.041393,0.012154,0.179023,-0.081643,-105.6668,58.0435,-163.7103,29.8229,28.3534
0.9000,wrist_rotate,0.000000,0.000000,0.000000,0.000000,0.000000,-0.000000,0.000000,-0.000000,0.000000,0.0000,0.0000,0.0000,0.0000,0.0000
0.9100,waist,0.000000,0.000000,0.000000,-0.000000,0.000000,0.000000,0.000000,0.000000,0.000000,0.0000,0.0000,0.0000,-0.0000,0.0000
0.9100,shoulder,-1.589750,-1.450000,5.000000,-1.904755,-1.795304,0.315005,0.205554,-0.368489,-0.354718,477.7340,374.7297,103.0043,-156.5927,-161.5903
0.9100,elbow,1.446354,1.017764,-5.000000,1.599806,1.555750,-0.153452,-0.109396,0.866762,0.562474,-251.3631,-209.2297,-42.1333,63.7232,63.7428
0.9100,wrist_angle,0.800000,0.000000,0.000000,0.839603,0.788662,-0.039603,0.011338,0.249858,-0.119968,-96.7178,54.6119,-151.3297,29.7751,28.3764
0.9100,wrist_rotate,0.000000,0.000000,0.000000,0.000000,0.000000,-0.000000,0.000000,-0.000000,0.000000,0.0000,0.0000,0.0000,0.0000,0.0000
0.9200,waist,0.000000,0.000000,0.000000,-0.000000,0.000000,0.000000,0.000000,0.000000,0.000000,0.0000,0.0000,0.0000,-0.0000,0.0000
0.9200,shoulder,-1.604000,-1.400000,5.000000,-1.915570,-1.806257,0.311570,0.202257,-0.479742,-0.431700,478.0578,363.7850,114.2728,-155.9959,-161.1765
0.9200,elbow,1.456282,0.967764,-5.000000,1.601316,1.560302,-0.145034,-0.104021,0.918288,0.597147,-239.0297,-193.7374,-45.2923,63.7203,63.7465
0.9200,wrist_angle,0.800000,0.000000,0.000000,0.837105,0.789862,-0.037105,0.010138,0.314726,-0.156005,-84.3564,50.2453,-134.6017,29.7083,28.4102
0.9200,wrist_rotate,0.000000,0.000000,0.000000,0.000000,0.000000,-0.000000,0.000000,-0.000000,0.000000,-0.0000,0.0000,-0.0000,0.0000,0.0000
0.9300,waist,0.000000,0.000000,0.000000,-0.000000,0.000000,0.000000,0.000000,0.000000,0.000000,0.0000,0.0000,0.0000,-0.0000,0.0000
0.9300,shoulder,-1.617750,-1.350000,5.000000,-1.924772,-1.815940,0.307022,0.198190,-0.591095,-0.505029,478.1243,350.8773,127.2469,-155.4738,-160.7945
0.9300,elbow,1.465709,0.917764,-5.000000,1.601811,1.564009,-0.136101,-0.098299,0.964880,0.625623,-226.6228,-177.5286,-49.0941,63.7193,63.7485
0.9300,wrist_angle,0.800000,0.000000,0.000000,0.833957,0.791422,-0.033957,0.008578,0.371352,-0.189130,-69.2456,45.0249,-114.2705,29.6239,28.4541
0.9300,wrist_rotate,0.000000,0.000000,0.000000,0.000000,0.000000,-0.000000,0.000000,-0.000000,0.000000,-0.0000,0.0000,-0.0000,0.0000,0.0000
0.9400,waist,0.000000,0.000000,0.000000,-0.000000,0.000000,0.000000,0.000000,0.000000,0.000000,0.0000,0.0000,0.0000,-0.0000,0.0000
0.9400,shoulder,-1.631000,-1.300000,5.000000,-1.932361,-1.824390,0.301361,0.193390,-0.702463,-0.574050,477.8141,336.1215,141.6926,-155.0333,-160.4489
0.9400,elbow,1.474637,0.867764,-5.000000,1.601340,1.566930,-0.126702,-0.092293,1.006510,0.647615,-214.7335,-160.7776,-53.9559,63.7203,63.7495
0.9400,wrist_angle,0.800000,0.000000,0.000000,0.830244,0.793313,-0.030244,0.006687,0.417903,-0.218775,-52.4832,39.0464,-91.5296,29.5238,28.5073
0.9400,wrist_rotate,0.000000,0.000000,0.000000,0.000000,0.000000,-0.000000,0.000000,-0.000000,0.000000,-0.0000,0.0000,-0.0000,0.0000,0.0000
0.9500,waist,0.000000,0.000000,0.000000,-0.000000,0.000000,0.000000,0.000000,0.000000,0.000000,0.0000,0.0000,0.0000,-0.0000,0.0000
0.9500,shoulder,-1.643750,-1.250000,5.000000,-1.938337,-1.831649,0.294587,0.187899,-0.813723,-0.638148,476.9173,319.6497,157.2676,-154.6802,-160.1427
0.9500,elbow,1.483065,0.817764,-5.000000,1.599952,1.569132,-0.116887,-0.086067,1.043384,0.662908,-204.5471,-143.6641,-60.8830,63.7229,63.7499
0.9500,wrist_angle,0.800000,0.000000,0.000000,0.826065,0.795501,-0.026065,0.004499,0.453278,-0.244433,-35.4611,32.4185,-67.8796,29.4108,28.5686
0.9500,wrist_rotate,0.000000,0.000000,0.000000,0.000000,0.000000,-0.000000,0.000000,-0.000000,0.000000,-0.0000,0.0000,-0.0000,0.0000,0.0000
0.9600,waist,0.000000,0.000000,0.000000,-0.000000,0.000000,0.000000,0.000000,0.000000,0.000000,0.0000,0.0000,0.0000,-0.0000,0.0000
0.9600,shoulder,-1.656000,-1.200000,5.000000,-1.942700,-1.837768,0.286700,0.181768,-0.924679,-0.696752,475.0733,301.6102,173.4631,-154.4189,-159.8782
0.9600,elbow,1.490993,0.767764,-5.000000,1.597696,1.570680,-0.106703,-0.079687,1.076183,0.671354,-189.7305,-126.3712,-63.3593,63.7269,63.7500
0.9600,wrist_angle,0.800000,0.000000,0.000000,0.821532,0.797945,-0.021532,0.002055,0.477304,-0.265671,-19.4691,25.2607,-44.7298,29.2876,28.6369
0.9600,wrist_rotate,0.000000,0.000000,0.000000,0.000000,0.000000,-0.000000,0.000000,-0.000000,0.000000,-0.0000,0.0000,-0.0000,0.0000,0.0000
0.9700,waist,0.000000,0.000000,0.000000,-0.000000,0.000000,0.000000,0.000000,-0.000000,0.000000,0.0000,0.0000,0.0000,-0.0000,0.0000
0.9700,shoulder,-1.667750,-1.150000,5.000000,-1.945453,-1.842800,0.277703,0.175050,-1.035017,-0.749339,471.7182,282.1660,189.5522,-154.2525,-159.6561
0.9700,elbow,1.498421,0.717764,-5.000000,1.594612,1.571644,-0.096191,-0.073224,1.103056,0.672884,-168.8911,-109.0836,-59.8075,63.7319,63.7500
0.9700,wrist_angle,0.800000,0.000000,0.000000,0.816759,0.800602,-0.016759,-0.000602,0.490666,-0.282137,-5.3589,17.7013,-23.0602,29.1572,28.7110
0.9700,wrist_rotate,0.000000,0.000000,0.000000,0.000000,0.000000,-0.000000,0.000000,-0.000000,0.000000,-0.0000,0.0000,-0.0000,0.0000,0.0000
0.9800,waist,0.000000,0.000000,0.000000,-0.000000,0.000000,0.000000,0.000000,-0.000000,0.000000,0.0000,0.0000,0.0000,-0.0000,0.0000
0.9800,shoulder,-1.679000,-1.100000,5.000000,-1.946603,-1.846807,0.267603,0.167807,-1.144234,-0.795441,465.9452,261.4932,204.4519,-154.1826,-159.4764
0.9800,elbow,1.505348,0.667764,-5.000000,1.590759,1.572093,-0.085411,-0.066745,1.121593,0.667498,-141.1550,-91.9858,-49.1692,63.7373,63.7499
0.9800,wrist_angle,0.800000,0.000000,0.000000,0.811852,0.803423,-0.011852,-0.003423,0.494620,-0.293563,6.6337,9.8753,-3.2416,29.0225,28.7895
0.9800,wrist_rotate,0.000000,0.000000,0.000000,0.000000,0.000000,-0.000000,0.000000,-0.000000,0.000000,-0.0000,0.0000,-0.0000,0.0000,0.0000
0.9900,waist,0.000000,0.000000,0.000000,-0.000000,0.000000,0.000000,0.000000,-0.000000,0.000000,0.0000,0.0000,0.0000,-0.0000,0.0000
0.9900,shoulder,-1.689750,-1.050000,5.000000,-1.946160,-1.849852,0.256410,0.160102,-1.251527,-0.834651,455.8614,239.7794,216.0820,-154.2095,-159.3381
0.9900,elbow,1.511776,0.617764,-5.000000,1.586221,1.572096,-0.074444,-0.060319,1.129036,0.655273,-107.1762,-75.2595,-31.9167,63.7424,63.7499
0.9900,wrist_angle,0.800000,0.000000,0.000000,0.806906,0.806359,-0.006906,-0.006359,0.490577,-0.299770,16.8511,1.9214,14.9297,28.8860,28.8709
0.9900,wrist_rotate,0.000000,0.000000,0.000000,0.000000,0.000000,-0.000000,0.000000,-0.000000,0.000000,-0.0000,0.0000,-0.0000,0.0000,0.0000
1.0000,waist,0.000000,0.000000,0.000000,-0.000000,0.000000,0.000000,0.000000,-0.000000,0.000000,0.0000,0.0000,0.0000,-0.0000,0.0000
1.0000,shoulder,-1.700000,-1.000000,5.000000,-1.944145,-1.852006,0.244145,0.152006,-1.355458,-0.866620,438.4934,217.2218,221.2716,-154.3317,-159.2394
1.0000,elbow,1.517704,0.567764,-5.000000,1.581108,1.571721,-0.063404,-0.054016,1.122888,0.636358,-70.0356,-59.0821,-10.9535,63.7466,63.7500
1.0000,wrist_angle,0.800000,0.000000,0.000000,0.802000,0.809357,-0.002000,-0.009357,0.479721,-0.300673,25.9354,-6.0197,31.9551,28.7499,28.9537
1.0000,wrist_rotate,0.000000,0.000000,0.000000,0.000000,0.000000,-0.000000,0.000000,-0.000000,0.000000,-0.0000,0.0000,-0.0000,0.0000,0.0000
1.0100,waist,0.000000,0.000000,0.000000,-0.000000,0.000000,0.000000,0.000000,-0.000000,0.000000,0.0000,0.0000,0.0000,-0.0000,0.0000
1.0100,shoulder,-1.709750,-0.950000,5.000000,-1.940590,-1.853340,0.230840,0.143590,-1.453601,-0.891070,411.0208,194.0251,216.9957,-154.5456,-159.1779
1.0100,elbow,1.523132,0.517764,-5.000000,1.575557,1.571035,-0.052425,-0.047903,1.101883,0.610972,-34.5438,-43.6247,9.0810,63.7493,63.7500
1.0100,wrist_angle,0.800000,0.000000,0.000000,0.797203,0.812363,0.002797,-0.012363,0.462807,-0.296281,34.6344,-13.8084,48.4428,28.6162,29.0366
1.0100,wrist_rotate,0.000000,0.000000,0.000000,0.000000,0.000000,-0.000000,0.000000,-0.000000,0.000000,-0.0000,0.0000,-0.0000,0.0000,0.0000
1.0200,waist,0.000000,0.000000,0.000000,-0.000000,0.000000,0.000000,0.000000,-0.000000,0.000000,0.0000,0.0000,0.0000,-0.0000,0.0000
1.0200,shoulder,-1.719000,-0.900000,5.000000,-1.935554,-1.853929,0.216554,0.134929,-1.542590,-0.907786,370.5398,170.4000,200.1398,-154.8453,-159.1507
1.0200,elbow,1.528060,0.467764,-5.000000,1.569716,1.570103,-0.041656,-0.042043,1.066681,0.579403,-4.4599,-29.0505,24.5905,63.7500,63.7500
1.0200,wrist_angle,0.800000,0.000000,0.000000,0.792575,0.815326,0.007425,-0.015326,0.440091,-0.286696,43.2604,-21.3083,64.5687,28.4865,29.1180
1.0200,wrist_rotate,0.000000,0.000000,0.000000,0.000000,0.000000,-0.000000,0.000000,-0.000000,0.000000,-0.0000,0.0000,-0.0000,0.0000,0.0000
1.0300,waist,0.000000,0.000000,0.000000,-0.000000,0.000000,0.000000,0.000000,-0.000000,0.000000,0.0000,0.0000,0.0000,-0.0000,0.0000
1.0300,shoulder,-1.727750,-0.850000,5.000000,-1.929129,-1.853851,0.201379,0.126101,-1.618089,-0.916627,314.1296,146.5607,167.5689,-155.2221,-159.1543
1.0300,elbow,1.532488,0.417764,-5.000000,1.563726,1.568986,-0.031239,-0.036498,1.019446,0.542004,19.0270,-15.5124,34.5394,63.7484,63.7499
1.0300,wrist_angle,0.800000,0.000000,0.000000,0.788174,0.818193,0.011826,-0.018193,0.411624,-0.272109,52.3560,-28.3888,80.7448,28.3627,29.1965
1.0300,wrist_rotate,0.000000,0.000000,0.000000,0.000000,0.000000,-0.000000,0.000000,-0.000000,0.000000,-0.0000,0.0000,-0.0000,0.0000,0.0000
1.0400,waist,0.000000,0.000000,0.000000,-0.000000,0.000000,0.000000,0.000000,-0.000000,0.000000,0.0000,0.0000,0.0000,-0.0000,0.0000
1.0400,shoulder,-1.736000,-0.800000,5.000000,-1.921448,-1.853185,0.185448,0.117185,-1.674789,-0.917521,247.5757,122.7234,124.8524,-155.6640,-159.1851
1.0400,elbow,1.536416,0.367764,-5.000000,1.557710,1.567744,-0.021294,-0.031328,0.962816,0.499190,36.7229,-3.1522,39.8751,63.7445,63.7497
1.0400,wrist_angle,0.800000,0.000000,0.000000,0.784058,0.820914,0.015942,-0.020914,0.377091,-0.252802,62.1862,-34.9272,97.1134,28.2463,29.2708
1.0400,wrist_rotate,0.000000,0.000000,0.000000,0.000000,0.000000,-0.000000,0.000000,-0.000000,0.000000,-0.0000,0.0000,-0.0000,0.0000,0.0000
1.0500,waist,0.000000,0.000000,0.000000,-0.000000,0.000000,0.000000,0.000000,-0.000000,0.000000,0.0000,0.0000,0.0000,-0.0000,0.0000
1.0500,shoulder,-1.743750,-0.750000,5.000000,-1.912700,-1.852009,0.168950,0.108259,-1.709311,-0.910470,193.4508,99.1037,94.3472,-156.1561,-159.2393
1.0500,elbow,1.539844,0.317764,-5.000000,1.551759,1.566430,-0.011915,-0.026586,0.899108,0.451432,50.2944,7.9014,42.3929,63.7384,63.7494
1.0500,wrist_angle,0.800000,0.000000,0.000000,0.780287,0.823442,0.019713,-0.023442,0.336003,-0.229134,72.6697,-40.8108,113.4805,28.1393,29.3396
1.0500,wrist_rotate,0.000000,0.000000,0.000000,0.000000,0.000000,-0.000000,0.000000,0.000000,0.000000,-0.0000,0.0000,-0.0000,0.0000,0.0000
1.0600,waist,0.000000,0.000000,0.000000,-0.000000,0.000000,0.000000,0.000000,-0.000000,0.000000,0.0000,0.0000,0.0000,-0.0000,0.0000
1.0600,shoulder,-1.751000,-0.700000,5.000000,-1.903107,-1.850405,0.152107,0.099405,-1.725797,-0.895547,155.9409,75.9150,80.0260,-156.6820,-159.3129
1.0600,elbow,1.542772,0.267764,-5.000000,1.545946,1.565093,-0.003174,-0.022321,0.829971,0.399252,61.4543,17.5340,43.9203,63.7303,63.7490
1.0600,wrist_angle,0.800000,0.000000,0.000000,0.776927,0.825734,0.023073,-0.025734,0.287924,-0.201543,83.3945,-45.9391,129.3336,28.0437,29.4018
1.0600,wrist_rotate,0.000000,0.000000,0.000000,0.000000,0.000000,-0.000000,0.000000,0.000000,0.000000,-0.0000,0.0000,-0.0000,0.0000,0.0000
1.0700,waist,0.000000,0.000000,0.000000,-0.000000,0.000000,0.000000,0.000000,-0.000000,0.000000,0.0000,0.0000,0.0000,-0.0000,0.0000
1.0700,shoulder,-1.757750,-0.650000,5.000000,-1.892849,-1.848449,0.135099,0.090699,-1.729786,-0.872895,131.9303,53.3663,78.5640,-157.2284,-159.4020
1.0700,elbow,1.545200,0.217764,-5.000000,1.540323,1.563778,0.004876,-0.018578,0.756370,0.343220,71.4974,25.6467,45.8507,63.7204,63.7484
1.0700,wrist_angle,0.800000,0.000000,0.000000,0.774048,0.827749,0.025952,-0.027749,0.232695,-0.170532,93.6901,-50.2253,143.9154,27.9614,29.4564
1.0700,wrist_rotate,0.000000,0.000000,0.000000,0.000000,0.000000,-0.000000,0.000000,0.000000,0.000000,-0.0000,0.0000,-0.0000,0.0000,0.0000
1.0800,waist,0.000000,0.000000,0.000000,-0.000000,0.000000,0.000000,0.000000,-0.000000,0.000000,0.0000,0.0000,0.0000,-0.0000,0.0000
1.0800,shoulder,-1.764000,-0.600000,5.000000,-1.882051,-1.846220,0.118051,0.082220,-1.725779,-0.842728,114.3800,31.6605,82.7196,-157.7857,-159.5029
1.0800,elbow,1.547128,0.167764,-5.000000,1.534937,1.562523,0.012190,-0.015396,0.678752,0.283942,80.8496,32.1570,48.6926,63.7090,63.7478
1.0800,wrist_angle,0.800000,0.000000,0.000000,0.771721,0.829454,0.028279,-0.029454,0.170600,-0.136663,102.7292,-53.5978,156.3270,27.8948,29.5025
1.0800,wrist_rotate,0.000000,0.000000,0.000000,0.000000,0.000000,-0.000000,0.000000,0.000000,0.000000,-0.0000,0.0000,-0.0000,0.0000,0.0000
1.0900,waist,0.000000,0.000000,0.000000,-0.000000,0.000000,0.000000,0.000000,-0.000000,0.000000,0.0000,0.0000,0.0000,-0.0000,0.0000
1.0900,shoulder,-1.769750,-0.550000,5.000000,-1.870793,-1.843793,0.101043,0.074043,-1.715929,-0.805327,87.1920,10.9921,76.1999,-158.3472,-159.6118
1.0900,elbow,1.548556,0.117764,-5.000000,1.529828,1.561362,0.018728,-0.012806,0.597392,0.222060,90.0021,36.9997,53.0024,63.6965,63.7472
1.0900,wrist_angle,0.800000,0.000000,0.000000,0.770015,0.830821,0.029985,-0.030821,0.102479,-0.100546,109.7275,-56.0013,165.7288,27.8458,29.5394
1.0900,wrist_rotate,0.000000,0.000000,0.000000,0.000000,0.000000,-0.000000,0.000000,0.000000,0.000000,-0.0000,0.0000,-0.0000,0.0000,0.0000
1.1000,waist,0.000000,0.000000,0.000000,-0.000000,0.000000,0.000000,0.000000,-0.000000,0.000000,0.0000,0.0000,0.0000,-0.0000,0.0000
1.1000,shoulder,-1.775000,-0.500000,5.000000,-1.859134,-1.841240,0.084134,0.066240,-1.697024,-0.761037,44.8726,-8.4538,53.3264,-158.9075,-159.7254
1.1000,elbow,1.549484,0.067764,-5.000000,1.525031,1.560319,0.024452,-0.010835,0.512372,0.158241,99.0298,40.1277,58.9021,63.6833,63.7465
1.1000,wrist_angle,0.800000,0.000000,0.000000,0.768990,0.831826,0.031010,-0.031826,0.029692,-0.062825,114.0213,-57.3981,171.4193,27.8164,29.5665
1.1000,wrist_rotate,0.000000,0.000000,0.000000,0.000000,0.000000,-0.000000,0.000000,0.000000,0.000000,-0.0000,0.0000,-0.0000,0.0000,0.0000
1.1100,waist,0.000000,0.000000,0.000000,-0.000000,0.000000,0.000000,0.000000,-0.000000,0.000000,0.0000,0.0000,0.0000,-0.0000,0.0000
1.1100,shoulder,-1.779750,-0.450000,5.000000,-1.847163,-1.838629,0.067413,0.058879,-1.664019,-0.710268,-9.5933,-26.5042,16.9109,-159.4603,-159.8405
1.1100,elbow,1.549912,0.017764,-1.786721,1.520585,1.559414,0.029326,-0.009502,0.423740,0.093171,107.6792,41.5122,66.1670,63.6697,63.7459
1.1100,wrist_angle,0.800000,0.000000,0.000000,0.768693,0.832455,0.031307,-0.032455,-0.045959,-0.024173,115.1836,-57.7681,172.9517,27.8079,29.5834
1.1100,wrist_rotate,0.000000,0.000000,0.000000,0.000000,0.000000,-0.000000,0.000000,0.000000,0.000000,-0.0000,0.0000,-0.0000,0.0000,0.0000
1.1200,waist,0.000000,0.000000,0.000000,-0.000000,0.000000,0.000000,0.000000,-0.000000,0.000000,0.0000,0.0000,0.0000,-0.0000,0.0000
1.1200,shoulder,-1.784000,-0.400000,5.000000,-1.835023,-1.836027,0.051023,0.052027,-1.612866,-0.653483,-63.5660,-42.9988,-20.5672,-159.9976,-159.9541
1.1200,elbow,1.550000,0.000000,0.000000,1.516525,1.558660,0.033475,-0.008660,0.363884,0.059783,115.9128,42.6451,73.2678,63.6561,63.7453
1.1200,wrist_angle,0.800000,0.000000,0.000000,0.769153,0.832696,0.030847,-0.032696,-0.122384,0.014726,113.0198,-57.1096,170.1294,27.8211,29.5899
1.1200,wrist_rotate,0.000000,0.000000,0.000000,0.000000,0.000000,-0.000000,0.000000,0.000000,0.000000,-0.0000,0.0000,-0.0000,0.0000,0.0000
1.1300,waist,0.000000,0.000000,0.000000,-0.000000,0.000000,0.000000,0.000000,-0.000000,0.000000,0.0000,0.0000,0.0000,-0.0000,0.0000
1.1300,shoulder,-1.787750,-0.350000,5.000000,-1.822895,-1.833492,0.035145,0.045742,-1.543729,-0.591201,-105.4666,-57.7919,-47.6747,-160.5108,-160.0637
1.1300,elbow,1.550000,0.000000,0.000000,1.512887,1.558062,0.037113,-0.008062,0.318498,0.043706,123.8372,43.7029,80.1343,63.6431,63.7448
1.1300,wrist_angle,0.800000,0.000000,0.000000,0.770377,0.832549,0.029623,-0.032549,-0.197367,0.053186,107.6163,-55.4388,163.0551,27.8562,29.5860
1.1300,wrist_rotate,0.000000,0.000000,0.000000,0.000000,0.000000,-0.000000,0.000000,0.000000,0.000000,-0.0000,0.0000,-0.0000,0.0000,0.0000
1.1400,waist,0.000000,0.000000,0.000000,-0.000000,0.000000,0.000000,0.000000,-0.000000,0.000000,0.0000,0.0000,0.0000,-0.0000,0.0000
1.1400,shoulder,-1.791000,-0.300000,5.000000,-1.810957,-1.831080,0.019957,0.040080,-1.460632,-0.523990,-134.0901,-70.7536,-63.3365,-160.9929,-160.1670
1.1400,elbow,1.550000,0.000000,0.000000,1.509702,1.557625,0.040298,-0.007625,0.269942,0.027206,131.3129,44.3180,86.9949,63.6311,63.7445
1.1400,wrist_angle,0.800000,0.000000,0.000000,0.772350,0.832017,0.027650,-0.032017,-0.268746,0.090532,99.3564,-52.7900,152.1463,27.9128,29.5717
1.1400,wrist_rotate,0.000000,0.000000,0.000000,0.000000,0.000000,-0.000000,0.000000,0.000000,0.000000,-0.0000,0.0000,-0.0000,0.0000,0.0000
1.1500,waist,0.000000,0.000000,0.000000,-0.000000,0.000000,0.000000,0.000000,-0.000000,0.000000,0.0000,0.0000,0.0000,-0.0000,0.0000
1.1500,shoulder,-1.793750,-0.250000,5.000000,-1.799351,-1.828840,0.005601,0.035090,-1.368000,-0.452459,-154.3860,-81.7708,-72.6152,-161.4397,-160.2622
1.1500,elbow,1.550000,0.000000,0.000000,1.507002,1.557353,0.042998,-0.007353,0.218396,0.010459,138.0376,44.4850,93.5526,63.6203,63.7442
1.1500,wrist_angle,0.800000,0.000000,0.000000,0.775038,0.831112,0.024962,-0.031112,-0.334619,0.126112,88.9311,-49.2142,138.1453,27.9897,29.5473
1.1500,wrist_rotate,0.000000,0.000000,0.000000,0.000000,0.000000,-0.000000,0.000000,0.000000,0.000000,-0.0000,0.0000,-0.0000,0.0000,0.0000
1.1600,waist,0.000000,0.000000,0.000000,-0.000000,0.000000,0.000000,0.000000,-0.000000,0.000000,0.0000,0.0000,0.0000,-0.0000,0.0000
1.1600,shoulder,-1.796000,-0.200000,5.000000,-1.788171,-1.826815,-0.007829,0.030815,-1.268608,-0.377257,-171.8135,-90.7483,-81.0653,-161.8494,-160.3475
1.1600,elbow,1.550000,0.000000,0.000000,1.504818,1.557248,0.045182,-0.007248,0.164160,-0.006354,143.7225,44.2034,99.5190,63.6113,63.7441
1.1600,wrist_angle,0.800000,0.000000,0.000000,0.778384,0.829851,0.021616,-0.029851,-0.393540,0.159308,77.2717,-44.7787,122.0503,28.0852,29.5132
1.1600,wrist_rotate,0.000000,0.000000,0.000000,0.000000,0.000000,-0.000000,0.000000,0.000000,0.000000,-0.0000,0.0000,-0.0000,0.0000,0.0000
1.1700,waist,0.000000,0.000000,0.000000,0.000000,0.000000,-0.000000,0.000000,-0.000000,0.000000,0.0000,0.0000,0.0000,0.0000,0.0000
1.1700,shoulder,-1.797750,-0.150000,5.000000,-1.777485,-1.825043,-0.020265,0.027293,-1.163413,-0.299064,-189.6571,-97.6095,-92.0476,-162.2222,-160.4216
1.1700,elbow,1.550000,0.000000,0.000000,1.503177,1.557312,0.046823,-0.007312,0.107650,-0.023054,148.1268,43.4774,104.6494,63.6043,63.7442
1.1700,wrist_angle,0.800000,0.000000,0.000000,0.782319,0.828258,0.017681,-0.028258,-0.444687,0.189547,65.3435,-39.5656,104.9090,28.1971,29.4702
1.1700,wrist_rotate,0.000000,0.000000,0.000000,0.000000,0.000000,-0.000000,0.000000,0.000000,0.000000,-0.0000,0.0000,-0.0000,0.0000,0.0000
1.1800,waist,0.000000,0.000000,0.000000,0.000000,0.000000,-0.000000,0.000000,-0.000000,0.000000,0.0000,0.0000,0.0000,0.0000,0.0000
1.1800,shoulder,-1.799000,-0.100000,5.000000,-1.767351,-1.823552,-0.031649,0.024552,-1.052274,-0.218585,-210.2703,-102.2972,-107.9732,-162.5585,-160.4836
1.1800,elbow,1.550000,0.000000,0.000000,1.502100,1.557542,0.047900,-0.007542,0.049378,-0.039464,151.0336,42.3158,108.7178,63.5996,63.7444
1.1800,wrist_angle,0.800000,0.000000,0.000000,0.786766,0.826362,0.013234,-0.026362,-0.487881,0.216309,53.9118,-33.6702,87.5820,28.3229,29.4189
1.1800,wrist_rotate,0.000000,0.000000,0.000000,0.000000,0.000000,-0.000000,0.000000,0.000000,0.000000,-0.0000,0.0000,-0.0000,0.0000,0.0000
1.1900,waist,0.000000,0.000000,0.000000,0.000000,0.000000,-0.000000,0.000000,-0.000000,0.000000,0.0000,0.0000,0.0000,0.0000,0.0000
1.1900,shoulder,-1.799750,-0.050000,5.000000,-1.757828,-1.822366,-0.041922,0.022616,-0.934268,-0.136544,-234.0456,-104.7738,-129.2718,-162.8594,-160.5327
1.1900,elbow,1.550000,0.000000,0.000000,1.501606,1.557937,0.048394,-0.007937,-0.010056,-0.055410,152.3156,40.7322,111.5834,63.5975,63.7447
1.1900,wrist_angle,0.800000,0.000000,0.000000,0.791645,0.824199,0.008355,-0.024199,-0.523452,0.239141,43.3259,-27.1996,70.5255,28.4604,29.3602
1.1900,wrist_rotate,0.000000,0.000000,0.000000,0.000000,0.000000,-0.000000,0.000000,0.000000,0.000000,-0.0000,0.0000,-0.0000,0.0000,0.0000
1.2000,waist,0.000000,0.000000,0.000000,0.000000,0.000000,-0.000000,0.000000,-0.000000,0.000000,0.0000,0.0000,0.0000,0.0000,0.0000
1.2000,shoulder,-1.800000,0.000000,0.000000,-1.748985,-1.821501,-0.051015,0.021501,-0.808342,-0.053678,0.0000,0.0000,0.0000,0.0000,0.0000
1.2000,elbow,1.550000,0.000000,0.000000,1.501707,1.558491,0.048293,-0.008491,-0.070004,-0.070722,0.0000,0.0000,0.0000,0.0000,0.0000
1.2000,wrist_angle,0.800000,0.000000,0.000000,0.796879,0.821808,0.003121,-0.021808,-0.551963,0.257658,0.0000,0.0000,0.0000,0.0000,0.0000
1.2000,wrist_rotate,0.000000,0.000000,0.000000,0.000000,0.000000,-0.000000,0.000000,0.000000,0.000000,0.0000,0.0000,0.0000,0.0000,0.0000
