t,phase,ref,pos,vel,e,u
0.000049,HOLD,1.469554,1.469554,0.000000,0.000000,0.000005
0.010583,HOLD,1.469554,1.469554,0.000000,0.000000,0.000005
0.021118,HOLD,1.469554,1.469554,0.000000,0.000000,0.000005
0.031326,HOLD,1.469554,1.469554,0.000000,0.000000,0.000005
0.041809,HOLD,1.469554,1.469554,0.000000,0.000000,0.000005
0.052041,HOLD,1.469554,1.469554,0.000000,0.000000,0.000005
0.062620,HOLD,1.469554,1.469554,0.000000,0.000000,0.000005
0.072955,HOLD,1.469554,1.469554,0.000000,0.000000,0.000005
0.083447,HOLD,1.469554,1.469554,0.000000,0.000000,0.000005
0.093687,HOLD,1.469554,1.469554,0.000000,0.000000,0.000005
0.104194,HOLD,1.469554,1.469554,0.000000,0.000000,0.000005
0.114517,HOLD,1.469554,1.469554,0.000000,0.000000,0.000005
0.125244,HOLD,1.469554,1.469554,0.000000,0.000000,0.000005
0.135516,HOLD,1.469554,1.469554,0.000000,0.000000,0.000005
0.146035,HOLD,1.469554,1.469554,0.000000,0.000000,0.000005
0.156228,HOLD,1.469554,1.469554,0.000000,0.000000,0.000005
0.166695,HOLD,1.469554,1.469554,0.000000,0.000000,0.000005
0.177005,HOLD,1.469554,1.469554,0.000000,0.000000,0.000005
0.187534,HOLD,1.469554,1.469554,0.000000,0.000000,0.000005
0.197882,HOLD,1.469554,1.469554,0.000000,0.000000,0.000005
0.208521,HOLD,1.469554,1.469554,0.000000,0.000000,0.000005
0.218802,HOLD,1.469554,1.469554,0.000000,0.000000,0.000005
0.229212,HOLD,1.469554,1.469554,0.000000,0.000000,0.000005
0.239465,HOLD,1.469554,1.469554,0.000000,0.000000,0.000005
0.249988,HOLD,1.469554,1.469554,0.000000,0.000000,0.000005
0.260279,HOLD,1.469554,1.469554,0.000000,0.000000,0.000005
0.270782,HOLD,1.469554,1.469554,0.000000,0.000000,0.000005
0.281091,HOLD,1.469554,1.469554,0.000000,0.000000,0.000005
0.291641,HOLD,1.469554,1.469554,0.000000,0.000000,0.000005
0.301910,HOLD,1.469554,1.469554,0.000000,0.000000,0.000005
0.312425,HOLD,1.469554,1.469554,0.000000,0.000000,0.000005
0.322724,HOLD,1.469554,1.469554,0.000000,0.000000,0.000005
0.333243,HOLD,1.469554,1.469554,0.000000,0.000000,0.000005
0.343495,HOLD,1.469554,1.469554,0.000000,0.000000,0.000005
0.354033,HOLD,1.469554,1.469554,0.000000,0.000000,0.000005
0.364313,HOLD,1.469554,1.469554,0.000000,0.000000,0.000005
0.374954,HOLD,1.469554,1.469554,0.000000,0.000000,0.000005
0.385214,HOLD,1.469554,1.469554,0.000000,0.000000,0.000005
0.395724,HOLD,1.469554,1.469554,0.000000,0.000000,0.000005
0.405989,HOLD,1.469554,1.469554,0.000000,0.000000,0.000005
0.416494,HOLD,1.469554,1.469554,0.000000,0.000000,0.000005
0.426796,HOLD,1.469554,1.469554,0.000000,0.000000,0.000005
0.437326,HOLD,1.469554,1.469554,0.000000,0.000000,0.000005
0.447548,HOLD,1.469554,1.469554,0.000000,0.000000,0.000005
0.458138,HOLD,1.469554,1.469554,0.000000,0.000000,0.000005
0.468397,HOLD,1.469554,1.469554,0.000000,0.000000,0.000005
0.478834,HOLD,1.469554,1.469554,0.000000,0.000000,0.000005
0.489021,HOLD,1.469554,1.469554,0.000000,0.000000,0.000005
0.499479,HOLD,1.469554,1.469554,0.000000,0.000000,0.000005
0.509702,HOLD,1.469554,1.469554,0.000000,0.000000,0.000005
0.520493,HOLD,1.469554,1.469554,0.000000,0.000000,0.000005
0.530720,HOLD,1.469554,1.469554,0.000000,0.000000,0.000005
0.541281,HOLD,1.469554,1.469554,0.000000,0.000000,0.000005
0.551520,HOLD,1.469554,1.469554,0.000000,0.000000,0.000005
0.562067,HOLD,1.469554,1.469554,0.000000,0.000000,0.000005
0.572280,HOLD,1.469554,1.469554,0.000000,0.000000,0.000005
0.582741,HOLD,1.469554,1.469554,0.000000,0.000000,0.000005
0.592950,HOLD,1.469554,1.469554,0.000000,0.000000,0.000005
0.603390,HOLD,1.469554,1.469554,0.000000,0.000000,0.000005
0.613621,HOLD,1.469554,1.469554,0.000000,0.000000,0.000005
0.624150,HOLD,1.469554,1.469554,0.000000,0.000000,0.000005
0.634407,HOLD,1.469554,1.469554,0.000000,0.000000,0.000005
0.644883,HOLD,1.469554,1.469554,0.000000,0.000000,0.000005
0.655069,HOLD,1.469554,1.469554,0.000000,0.000000,0.000005
0.665561,HOLD,1.469554,1.469554,0.000000,0.000000,0.000005
0.675873,HOLD,1.469554,1.469554,0.000000,0.000000,0.000005
0.686382,HOLD,1.469554,1.469554,0.000000,0.000000,0.000005
0.696612,HOLD,1.469554,1.469554,0.000000,0.000000,0.000005
0.707051,HOLD,1.469554,1.469554,0.000000,0.000000,0.000005
0.717232,HOLD,1.469554,1.469554,0.000000,0.000000,0.000005
0.727731,HOLD,1.469554,1.469554,0.000000,0.000000,0.000005
0.737987,HOLD,1.469554,1.469554,0.000000,0.000000,0.000005
0.748482,HOLD,1.469554,1.469554,0.000000,0.000000,0.000005
0.758781,HOLD,1.469554,1.469554,0.000000,0.000000,0.000005
0.769387,HOLD,1.469554,1.469554,0.000000,0.000000,0.000005
0.779633,HOLD,1.469554,1.469554,0.000000,0.000000,0.000005
0.790258,HOLD,1.469554,1.469554,0.000000,0.000000,0.000005
0.800506,HOLD,1.469554,1.469554,0.000000,0.000000,0.000005
0.811016,HOLD,1.469554,1.469554,0.000000,0.000000,0.000005
0.821239,HOLD,1.469554,1.469554,0.000000,0.000000,0.000005
0.831814,HOLD,1.469554,1.469554,0.000000,0.000000,0.000005
0.842127,HOLD,1.469554,1.469554,0.000000,0.000000,0.000005
0.852750,HOLD,1.469554,1.469554,0.000000,0.000000,0.000005
0.863000,HOLD,1.469554,1.469554,0.000000,0.000000,0.000005
0.873693,HOLD,1.469554,1.469554,0.000000,0.000000,0.000005
0.883966,HOLD,1.469554,1.469554,0.000000,0.000000,0.000005
0.894506,HOLD,1.469554,1.469554,0.000000,0.000000,0.000005
0.904744,HOLD,1.469554,1.469554,0.000000,0.000000,0.000005
0.915292,HOLD,1.469554,1.469554,0.000000,0.000000,0.000005
0.925542,HOLD,1.469554,1.469554,0.000000,0.000000,0.000005
0.936063,HOLD,1.469554,1.469554,0.000000,0.000000,0.000005
0.946351,HOLD,1.469554,1.469554,0.000000,0.000000,0.000005
0.956844,HOLD,1.469554,1.469554,0.000000,0.000000,0.000005
0.967040,HOLD,1.469554,1.469554,0.000000,0.000000,0.000005
0.977480,HOLD,1.469554,1.469554,0.000000,0.000000,0.000005
0.987700,HOLD,1.469554,1.469554,0.000000,0.000000,0.000005
0.998116,HOLD,1.469554,1.469554,0.000000,0.000000,0.000005
1.008355,HOLD,1.469554,1.469554,0.000000,0.000000,0.000005
1.018836,HOLD,1.469554,1.469554,0.000000,0.000000,0.000005
1.029334,HOLD,1.469554,1.469554,0.000000,0.000000,0.000005
1.039827,HOLD,1.469554,1.469554,0.000000,0.000000,0.000005
1.050028,HOLD,1.469554,1.469554,0.000000,0.000000,0.000005
1.060530,HOLD,1.469554,1.469554,0.000000,0.000000,0.000005
1.070772,HOLD,1.469554,1.469554,0.000000,0.000000,0.000005
1.081248,HOLD,1.469554,1.469554,0.000000,0.000000,0.000005
1.091487,HOLD,1.469554,1.469554,0.000000,0.000000,0.000005
1.101974,HOLD,1.469554,1.469554,0.000000,0.000000,0.000005
1.112186,HOLD,1.469554,1.469554,0.000000,0.000000,0.000005
1.122670,HOLD,1.469554,1.469554,0.000000,0.000000,0.000005
1.132875,HOLD,1.469554,1.469554,0.000000,0.000000,0.000005
1.143695,HOLD,1.469554,1.469554,0.000000,0.000000,0.000005
1.153909,HOLD,1.469554,1.469554,0.000000,0.000000,0.000005
1.164393,HOLD,1.469554,1.469554,0.000000,0.000000,0.000005
1.174625,HOLD,1.469554,1.469554,0.000000,0.000000,0.000005
1.185059,HOLD,1.469554,1.469554,0.000000,0.000000,0.000005
1.195275,HOLD,1.469554,1.469554,0.000000,0.000000,0.000005
1.205739,HOLD,1.469554,1.469554,0.000000,0.000000,0.000005
1.215936,HOLD,1.469554,1.469554,0.000000,0.000000,0.000005
1.226423,HOLD,1.469554,1.469554,0.000000,0.000000,0.000005
1.236640,HOLD,1.469554,1.469554,0.000000,0.000000,0.000005
1.247110,HOLD,1.469554,1.469554,0.000000,0.000000,0.000005
1.257340,HOLD,1.469554,1.469554,0.000000,0.000000,0.000005
1.267781,HOLD,1.469554,1.469554,0.000000,0.000000,0.000005
1.277970,HOLD,1.469554,1.469554,0.000000,0.000000,0.000005
1.288444,HOLD,1.469554,1.469554,0.000000,0.000000,0.000005
1.298672,HOLD,1.469554,1.469554,0.000000,0.000000,0.000005
1.309437,HOLD,1.469554,1.469554,0.000000,0.000000,0.000005
1.319703,HOLD,1.469554,1.469554,0.000000,0.000000,0.000005
1.330291,HOLD,1.469554,1.469554,0.000000,0.000000,0.000005
1.340531,HOLD,1.469554,1.469554,0.000000,0.000000,0.000005
1.351086,HOLD,1.469554,1.469554,0.000000,0.000000,0.000005
1.361392,HOLD,1.469554,1.469554,0.000000,0.000000,0.000005
1.371996,HOLD,1.469554,1.469554,0.000000,0.000000,0.000005
1.382283,HOLD,1.469554,1.469554,0.000000,0.000000,0.000005
1.392942,HOLD,1.469554,1.469554,0.000000,0.000000,0.000005
1.403240,HOLD,1.469554,1.469554,0.000000,0.000000,0.000005
1.413772,HOLD,1.469554,1.469554,0.000000,0.000000,0.000005
1.423956,HOLD,1.469554,1.469554,0.000000,0.000000,0.000005
1.434438,HOLD,1.469554,1.469554,0.000000,0.000000,0.000005
1.444681,HOLD,1.469554,1.469554,0.000000,0.000000,0.000005
1.455210,HOLD,1.469554,1.469554,0.000000,0.000000,0.000005
1.465481,HOLD,1.469554,1.469554,0.000000,0.000000,0.000005
1.476041,HOLD,1.469554,1.469554,0.000000,0.000000,0.000005
1.486327,HOLD,1.469554,1.469554,0.000000,0.000000,0.000005
1.496849,HOLD,1.469554,1.469554,0.000000,0.000000,0.000005
1.507251,HOLD,1.469554,1.469554,0.000000,0.000000,0.000005
1.517925,HOLD,1.469554,1.469554,0.000000,0.000000,0.000005
1.528243,HOLD,1.469554,1.469554,0.000000,0.000000,0.000005
1.538991,HOLD,1.469554,1.469554,0.000000,0.000000,0.000005
1.549224,HOLD,1.469554,1.469554,0.000000,0.000000,0.000005
1.559798,HOLD,1.469554,1.469554,0.000000,0.000000,0.000005
1.570069,HOLD,1.469554,1.469554,0.000000,0.000000,0.000005
1.580592,HOLD,1.469554,1.469554,0.000000,0.000000,0.000005
1.590801,HOLD,1.469554,1.469554,0.000000,0.000000,0.000005
1.601230,HOLD,1.469554,1.469554,0.000000,0.000000,0.000005
1.611502,HOLD,1.469554,1.469554,0.000000,0.000000,0.000005
1.621999,HOLD,1.469554,1.469554,0.000000,0.000000,0.000005
1.632296,HOLD,1.469554,1.469554,0.000000,0.000000,0.000005
1.643034,HOLD,1.469554,1.469554,0.000000,0.000000,0.000005
1.653289,HOLD,1.469554,1.469554,0.000000,0.000000,0.000005
1.663882,HOLD,1.469554,1.469554,0.000000,0.000000,0.000005
1.674174,HOLD,1.469554,1.469554,0.000000,0.000000,0.000005
1.684669,HOLD,1.469554,1.469554,0.000000,0.000000,0.000005
1.694892,HOLD,1.469554,1.469554,0.000000,0.000000,0.000005
1.705413,HOLD,1.469554,1.469554,0.000000,0.000000,0.000005
1.715693,HOLD,1.469554,1.469554,0.000000,0.000000,0.000005
1.726234,HOLD,1.469554,1.469554,0.000000,0.000000,0.000005
1.736486,HOLD,1.469554,1.469554,0.000000,0.000000,0.000005
1.747048,HOLD,1.469554,1.469554,0.000000,0.000000,0.000005
1.757376,HOLD,1.469554,1.469554,0.000000,0.000000,0.000005
1.767960,HOLD,1.469554,1.469554,0.000000,0.000000,0.000005
1.778226,HOLD,1.469554,1.469554,0.000000,0.000000,0.000005
1.788835,HOLD,1.469554,1.469554,0.000000,0.000000,0.000005
1.799123,HOLD,1.469554,1.469554,0.000000,0.000000,0.000005
1.809791,HOLD,1.469554,1.469554,0.000000,0.000000,0.000005
1.819987,HOLD,1.469554,1.469554,0.000000,0.000000,0.000005
1.830554,HOLD,1.469554,1.469554,0.000000,0.000000,0.000005
1.840865,HOLD,1.469554,1.469554,0.000000,0.000000,0.000005
1.851352,HOLD,1.469554,1.469554,0.000000,0.000000,0.000005
1.861648,HOLD,1.469554,1.469554,0.000000,0.000000,0.000005
1.872222,HOLD,1.469554,1.469554,0.000000,0.000000,0.000005
1.882482,HOLD,1.469554,1.469554,0.000000,0.000000,0.000005
1.893051,HOLD,1.469554,1.469554,0.000000,0.000000,0.000005
1.903308,HOLD,1.469554,1.469554,0.000000,0.000000,0.000005
1.913847,HOLD,1.469554,1.469554,0.000000,0.000000,0.000005
1.924137,HOLD,1.469554,1.469554,0.000000,0.000000,0.000005
1.934676,HOLD,1.469554,1.469554,0.000000,0.000000,0.000005
1.944890,HOLD,1.469554,1.469554,0.000000,0.000000,0.000005
1.955429,HOLD,1.469554,1.469554,0.000000,0.000000,0.000005
1.965702,HOLD,1.469554,1.469554,0.000000,0.000000,0.000005
1.976386,HOLD,1.469554,1.469554,0.000000,0.000000,0.000005
1.986641,HOLD,1.469554,1.469554,0.000000,0.000000,0.000005
1.997462,HOLD,1.469554,1.469554,0.000000,0.000000,0.000005
2.007886,HOLD,1.469554,1.469554,0.000000,0.000000,0.000005
2.018423,HOLD,1.469554,1.469554,0.000000,0.000000,0.000005
2.028714,HOLD,1.469554,1.469554,0.000000,0.000000,0.000005
2.039495,HOLD,1.469554,1.469554,0.000000,0.000000,0.000005
2.049739,HOLD,1.469554,1.469554,0.000000,0.000000,0.000005
2.060293,HOLD,1.469554,1.469554,0.000000,0.000000,0.000005
2.070545,HOLD,1.469554,1.469554,0.000000,0.000000,0.000005
2.081093,HOLD,1.469554,1.469554,0.000000,0.000000,0.000005
2.091317,HOLD,1.469554,1.469554,0.000000,0.000000,0.000005
2.101833,HOLD,1.469554,1.469554,0.000000,0.000000,0.000005
2.112100,HOLD,1.469554,1.469554,0.000000,0.000000,0.000005
2.122659,HOLD,1.469554,1.469554,0.000000,0.000000,0.000005
2.132846,HOLD,1.469554,1.469554,0.000000,0.000000,0.000005
2.143339,HOLD,1.469554,1.469554,0.000000,0.000000,0.000005
2.153499,HOLD,1.469554,1.469554,0.000000,0.000000,0.000005
2.163988,HOLD,1.469554,1.469554,0.000000,0.000000,0.000005
2.174372,HOLD,1.469554,1.469554,0.000000,0.000000,0.000005
2.185059,HOLD,1.469554,1.469554,0.000000,0.000000,0.000005
2.195243,HOLD,1.469554,1.469554,0.000000,0.000000,0.000005
2.205600,HOLD,1.469554,1.469554,0.000000,0.000000,0.000005
2.215893,HOLD,1.469554,1.469554,0.000000,0.000000,0.000005
2.226691,HOLD,1.469554,1.469554,0.000000,0.000000,0.000005
2.236918,HOLD,1.469554,1.469554,0.000000,0.000000,0.000005
2.247452,HOLD,1.469554,1.469554,0.000000,0.000000,0.000005
2.257810,HOLD,1.469554,1.469554,0.000000,0.000000,0.000005
2.268287,HOLD,1.469554,1.469554,0.000000,0.000000,0.000005
2.278469,HOLD,1.469554,1.469554,0.000000,0.000000,0.000005
2.288954,HOLD,1.469554,1.469554,0.000000,0.000000,0.000005
2.299235,HOLD,1.469554,1.469554,0.000000,0.000000,0.000005
2.309796,HOLD,1.469554,1.469554,0.000000,0.000000,0.000005
2.320065,HOLD,1.469554,1.469554,0.000000,0.000000,0.000005
2.330564,HOLD,1.469554,1.469554,0.000000,0.000000,0.000005
2.340776,HOLD,1.469554,1.469554,0.000000,0.000000,0.000005
2.351307,HOLD,1.469554,1.469554,0.000000,0.000000,0.000005
2.361646,HOLD,1.469554,1.469554,0.000000,0.000000,0.000005
2.372093,HOLD,1.469554,1.469554,0.000000,0.000000,0.000005
2.382393,HOLD,1.469554,1.469554,0.000000,0.000000,0.000005
2.393077,HOLD,1.469554,1.469554,0.000000,0.000000,0.000005
2.403324,HOLD,1.469554,1.469554,0.000000,0.000000,0.000005
2.413889,HOLD,1.469554,1.469554,0.000000,0.000000,0.000005
2.424157,HOLD,1.469554,1.469554,0.000000,0.000000,0.000005
2.434620,HOLD,1.469554,1.469554,0.000000,0.000000,0.000005
2.444896,HOLD,1.469554,1.469554,0.000000,0.000000,0.000005
2.455452,HOLD,1.469554,1.469554,0.000000,0.000000,0.000005
2.465744,HOLD,1.469554,1.469554,0.000000,0.000000,0.000005
2.476342,HOLD,1.469554,1.469554,0.000000,0.000000,0.000005
2.486617,HOLD,1.469554,1.469554,0.000000,0.000000,0.000005
2.497148,HOLD,1.469554,1.469554,0.000000,0.000000,0.000005
2.507326,HOLD,1.469554,1.469554,0.000000,0.000000,0.000005
2.517793,HOLD,1.469554,1.469554,0.000000,0.000000,0.000005
2.528055,HOLD,1.469554,1.469554,0.000000,0.000000,0.000005
2.538597,HOLD,1.469554,1.469554,0.000000,0.000000,0.000005
2.549270,HOLD,1.469554,1.469554,0.000000,0.000000,0.000005
2.559845,HOLD,1.469554,1.469554,0.000000,0.000000,0.000005
2.570135,HOLD,1.469554,1.469554,0.000000,0.000000,0.000005
2.580628,HOLD,1.469554,1.469554,0.000000,0.000000,0.000005
2.590898,HOLD,1.469554,1.469554,0.000000,0.000000,0.000005
2.601467,HOLD,1.469554,1.469554,0.000000,0.000000,0.000005
2.611724,HOLD,1.469554,1.469554,0.000000,0.000000,0.000005
2.622218,HOLD,1.469554,1.469554,0.000000,0.000000,0.000005
2.632416,HOLD,1.469554,1.469554,0.000000,0.000000,0.000005
2.642897,HOLD,1.469554,1.469554,0.000000,0.000000,0.000005
2.653172,HOLD,1.469554,1.469554,0.000000,0.000000,0.000005
2.663701,HOLD,1.469554,1.469554,0.000000,0.000000,0.000005
2.673930,HOLD,1.469554,1.469554,0.000000,0.000000,0.000005
2.684416,HOLD,1.469554,1.469554,0.000000,0.000000,0.000005
2.694680,HOLD,1.469554,1.469554,0.000000,0.000000,0.000005
2.705126,HOLD,1.469554,1.469554,0.000000,0.000000,0.000005
2.715353,HOLD,1.469554,1.469554,0.000000,0.000000,0.000005
2.726119,HOLD,1.469554,1.469554,0.000000,0.000000,0.000005
2.736373,HOLD,1.469554,1.469554,0.000000,0.000000,0.000005
2.746895,HOLD,1.469554,1.469554,0.000000,0.000000,0.000005
2.757112,HOLD,1.469554,1.469554,0.000000,0.000000,0.000005
2.767573,HOLD,1.469554,1.469554,0.000000,0.000000,0.000005
2.777785,HOLD,1.469554,1.469554,0.000000,0.000000,0.000005
2.788238,HOLD,1.469554,1.469554,0.000000,0.000000,0.000005
2.798466,HOLD,1.469554,1.469554,0.000000,0.000000,0.000005
2.809177,HOLD,1.469554,1.469554,0.000000,0.000000,0.000005
2.819473,HOLD,1.469554,1.469554,0.000000,0.000000,0.000005
2.829990,HOLD,1.469554,1.469554,0.000000,0.000000,0.000005
2.840268,HOLD,1.469554,1.469554,0.000000,0.000000,0.000005
2.850842,HOLD,1.469554,1.469554,0.000000,0.000000,0.000005
2.861141,HOLD,1.469554,1.469554,0.000000,0.000000,0.000005
2.871639,HOLD,1.469554,1.469554,0.000000,0.000000,0.000005
2.881919,HOLD,1.469554,1.469554,0.000000,0.000000,0.000005
2.892630,HOLD,1.469554,1.469554,0.000000,0.000000,0.000005
2.902920,HOLD,1.469554,1.469554,0.000000,0.000000,0.000005
2.913464,HOLD,1.469554,1.469554,0.000000,0.000000,0.000005
2.923716,HOLD,1.469554,1.469554,0.000000,0.000000,0.000005
2.934177,HOLD,1.469554,1.469554,0.000000,0.000000,0.000005
2.944473,HOLD,1.469554,1.469554,0.000000,0.000000,0.000005
2.954923,HOLD,1.469554,1.469554,0.000000,0.000000,0.000005
2.965201,HOLD,1.469554,1.469554,0.000000,0.000000,0.000005
2.975857,HOLD,1.469554,1.469554,0.000000,0.000000,0.000005
2.986099,HOLD,1.469554,1.469554,0.000000,0.000000,0.000005
2.996599,HOLD,1.469554,1.469554,0.000000,0.000000,0.000005
3.006823,STEP,3.000000,1.469554,0.000000,1.530446,216.584688
3.017329,STEP,3.000000,1.469554,0.000000,1.530446,216.584688
3.027590,STEP,3.000000,1.469554,0.000000,1.530446,216.584688
3.038069,STEP,3.000000,1.469554,0.000000,1.530446,216.584688
3.048344,STEP,3.000000,1.469554,0.000000,1.530446,216.584688
3.059271,STEP,3.000000,1.469554,0.000000,1.530446,216.584688
3.069574,STEP,3.000000,1.469554,0.000000,1.530446,216.584688
3.080151,STEP,3.000000,1.469554,0.000000,1.530446,216.584688
3.090372,STEP,3.000000,1.469554,0.000000,1.530446,216.584688
3.100836,STEP,3.000000,1.469554,0.000000,1.530446,216.584688
3.111032,STEP,3.000000,1.469554,0.000000,1.530446,216.584688
3.121536,STEP,3.000000,1.469554,0.000000,1.530446,216.584688
3.131827,STEP,3.000000,1.469554,0.000000,1.530446,216.584688
3.142412,STEP,3.000000,1.469554,0.000000,1.530446,216.584688
3.152699,STEP,3.000000,1.469554,0.000000,1.530446,216.584688
3.163215,STEP,3.000000,1.469554,0.000000,1.530446,216.584688
3.173437,STEP,3.000000,1.469554,0.000000,1.530446,216.584688
3.184000,STEP,3.000000,1.469554,0.000000,1.530446,216.584688
3.194278,STEP,3.000000,1.469554,0.000000,1.530446,216.584688
3.204851,STEP,3.000000,1.477224,0.023981,1.522776,215.703055
3.215095,STEP,3.000000,1.477224,0.023981,1.522776,215.703055
3.225764,STEP,3.000000,1.503301,0.503597,1.496699,212.530711
3.236006,STEP,3.000000,1.503301,0.503597,1.496699,212.530711
3.246487,STEP,3.000000,1.532447,0.911271,1.467553,208.838496
3.256716,STEP,3.000000,1.532447,0.911271,1.467553,208.838496
3.267162,STEP,3.000000,1.550855,1.031175,1.449145,206.438512
3.277414,STEP,3.000000,1.550855,1.031175,1.449145,206.438512
3.287858,STEP,3.000000,1.587670,1.175060,1.412330,201.435831
3.298173,STEP,3.000000,1.587670,1.175060,1.412330,201.435831
3.308776,STEP,3.000000,1.607612,1.223022,1.392388,198.607871
3.318989,STEP,3.000000,1.607612,1.223022,1.392388,198.607871
3.329421,STEP,3.000000,1.626020,1.270984,1.373980,195.919162
3.339624,STEP,3.000000,1.626020,1.270984,1.373980,195.919162
3.350056,STEP,3.000000,1.668971,1.366907,1.331029,189.365670
3.360364,STEP,3.000000,1.668971,1.366907,1.331029,189.365670
3.370895,STEP,3.000000,1.687379,1.390888,1.312621,186.441913
3.381099,STEP,3.000000,1.687379,1.390888,1.312621,186.441913
3.391562,STEP,3.000000,1.725728,1.390888,1.274272,180.138823
3.401832,STEP,3.000000,1.725728,1.390888,1.274272,180.138823
3.412395,STEP,3.000000,1.730330,1.390888,1.269670,179.363000
3.422674,STEP,3.000000,1.730330,1.390888,1.269670,179.363000
3.433181,STEP,3.000000,1.764078,1.342926,1.235922,173.563093
3.443408,STEP,3.000000,1.764078,1.342926,1.235922,173.563093
3.453886,STEP,3.000000,1.791690,1.175060,1.208310,168.692853
3.464095,STEP,3.000000,1.791690,1.175060,1.208310,168.692853
3.474665,STEP,3.000000,1.811631,0.935252,1.188369,165.120946
3.484958,STEP,3.000000,1.811631,0.935252,1.188369,165.120946
3.495503,STEP,3.000000,1.820835,0.623501,1.179165,163.491131
3.505766,STEP,3.000000,1.820835,0.623501,1.179165,163.491131
3.516298,STEP,3.000000,1.820835,0.359712,1.179165,163.543943
3.526526,STEP,3.000000,1.820835,0.359712,1.179165,163.543943
3.537014,STEP,3.000000,1.839243,0.383693,1.160757,160.120560
3.547294,STEP,3.000000,1.839243,0.383693,1.160757,160.120560
3.557904,STEP,3.000000,1.843845,0.503597,1.156155,159.235214
3.568506,STEP,3.000000,1.843845,0.503597,1.156155,159.235214
3.579019,STEP,3.000000,1.843845,0.239808,1.156155,159.287879
3.589313,STEP,3.000000,1.843845,0.239808,1.156155,159.287879
3.599782,STEP,3.000000,1.843845,0.095923,1.156155,159.316418
3.610118,STEP,3.000000,1.843845,0.095923,1.156155,159.316418
3.620625,STEP,3.000000,1.843845,0.023981,1.156155,159.330645
3.630931,STEP,3.000000,1.843845,0.023981,1.156155,159.330645
3.641658,STEP,3.000000,1.843845,0.000000,1.156155,159.335610
3.651893,STEP,3.000000,1.843845,0.000000,1.156155,159.335610
3.662367,STEP,3.000000,1.843845,0.000000,1.156155,159.335610
3.672629,STEP,3.000000,1.843845,0.000000,1.156155,159.335610
3.683149,STEP,3.000000,1.843845,0.000000,1.156155,159.335610
3.693369,STEP,3.000000,1.843845,0.000000,1.156155,159.335610
3.703827,STEP,3.000000,1.843845,0.000000,1.156155,159.335610
3.714115,STEP,3.000000,1.843845,0.000000,1.156155,159.335610
3.724777,STEP,3.000000,1.843845,0.000000,1.156155,159.335610
3.735096,STEP,3.000000,1.843845,0.000000,1.156155,159.335610
3.745566,STEP,3.000000,1.843845,0.000000,1.156155,159.335610
3.755851,STEP,3.000000,1.843845,0.000000,1.156155,159.335610
3.766336,STEP,3.000000,1.843845,0.000000,1.156155,159.335610
3.776617,STEP,3.000000,1.843845,0.000000,1.156155,159.335610
3.787091,STEP,3.000000,1.845379,0.000000,1.154621,159.048001
3.797313,STEP,3.000000,1.845379,0.000000,1.154621,159.048001
3.807875,STEP,3.000000,1.845379,0.000000,1.154621,159.048001
3.818111,STEP,3.000000,1.845379,0.000000,1.154621,159.048001
3.828664,STEP,3.000000,1.845379,0.000000,1.154621,159.048001
3.838859,STEP,3.000000,1.845379,0.000000,1.154621,159.048001
3.849303,STEP,3.000000,1.845379,0.000000,1.154621,159.048001
3.859526,STEP,3.000000,1.845379,0.000000,1.154621,159.048001
3.870015,STEP,3.000000,1.845379,0.000000,1.154621,159.048001
3.880285,STEP,3.000000,1.845379,0.000000,1.154621,159.048001
3.890858,STEP,3.000000,1.845379,0.000000,1.154621,159.048001
3.901052,STEP,3.000000,1.845379,0.000000,1.154621,159.048001
3.911528,STEP,3.000000,1.845379,0.000000,1.154621,159.048001
3.921727,STEP,3.000000,1.845379,0.000000,1.154621,159.048001
3.932238,STEP,3.000000,1.845379,0.000000,1.154621,159.048001
3.942550,STEP,3.000000,1.845379,0.000000,1.154621,159.048001
3.953137,STEP,3.000000,1.843845,0.000000,1.156155,159.335610
3.963353,STEP,3.000000,1.843845,0.000000,1.156155,159.335610
3.973808,STEP,3.000000,1.843845,0.000000,1.156155,159.335610
3.984068,STEP,3.000000,1.843845,0.000000,1.156155,159.335610
3.994581,STEP,3.000000,1.845379,0.000000,1.154621,159.048001
4.004876,STEP,3.000000,1.845379,0.000000,1.154621,159.048001
4.015429,STEP,3.000000,1.845379,0.000000,1.154621,159.048001
4.025737,STEP,3.000000,1.845379,0.000000,1.154621,159.048001
4.036339,STEP,3.000000,1.845379,0.000000,1.154621,159.048001
4.046554,STEP,3.000000,1.845379,0.000000,1.154621,159.048001
4.057101,STEP,3.000000,1.845379,0.000000,1.154621,159.048001
4.067416,STEP,3.000000,1.845379,0.000000,1.154621,159.048001
4.078267,STEP,3.000000,1.845379,0.000000,1.154621,159.048001
4.088540,STEP,3.000000,1.845379,0.000000,1.154621,159.048001
4.099058,STEP,3.000000,1.845379,0.000000,1.154621,159.048001
4.109377,STEP,3.000000,1.845379,0.000000,1.154621,159.048001
4.119905,STEP,3.000000,1.843845,0.000000,1.156155,159.335610
4.130190,STEP,3.000000,1.843845,0.000000,1.156155,159.335610
4.140826,STEP,3.000000,1.845379,0.000000,1.154621,159.048001
4.151023,STEP,3.000000,1.845379,0.000000,1.154621,159.048001
4.161424,STEP,3.000000,1.845379,0.000000,1.154621,159.048001
4.171612,STEP,3.000000,1.845379,0.000000,1.154621,159.048001
4.182168,STEP,3.000000,1.843845,0.000000,1.156155,159.335610
4.192521,STEP,3.000000,1.843845,0.000000,1.156155,159.335610
4.203222,STEP,3.000000,1.845379,0.000000,1.154621,159.048001
4.213532,STEP,3.000000,1.845379,0.000000,1.154621,159.048001
4.224365,STEP,3.000000,1.843845,0.000000,1.156155,159.335610
4.234766,STEP,3.000000,1.843845,0.000000,1.156155,159.335610
4.245338,STEP,3.000000,1.845379,0.000000,1.154621,159.048001
4.255571,STEP,3.000000,1.845379,0.000000,1.154621,159.048001
4.266053,STEP,3.000000,1.845379,0.000000,1.154621,159.048001
4.276272,STEP,3.000000,1.845379,0.000000,1.154621,159.048001
4.286704,STEP,3.000000,1.845379,0.000000,1.154621,159.048001
4.296893,STEP,3.000000,1.845379,0.000000,1.154621,159.048001
4.307351,STEP,3.000000,1.845379,0.000000,1.154621,159.048001
4.317538,STEP,3.000000,1.845379,0.000000,1.154621,159.048001
4.328028,STEP,3.000000,1.845379,0.000000,1.154621,159.048001
4.338283,STEP,3.000000,1.845379,0.000000,1.154621,159.048001
4.348769,STEP,3.000000,1.845379,0.000000,1.154621,159.048001
4.359005,STEP,3.000000,1.845379,0.000000,1.154621,159.048001
4.369457,STEP,3.000000,1.845379,0.000000,1.154621,159.048001
4.379700,STEP,3.000000,1.845379,0.000000,1.154621,159.048001
4.390257,STEP,3.000000,1.845379,0.000000,1.154621,159.048001
4.400576,STEP,3.000000,1.845379,0.000000,1.154621,159.048001
4.411048,STEP,3.000000,1.845379,0.000000,1.154621,159.048001
4.421316,STEP,3.000000,1.845379,0.000000,1.154621,159.048001
4.431827,STEP,3.000000,1.845379,0.000000,1.154621,159.048001
4.442083,STEP,3.000000,1.845379,0.000000,1.154621,159.048001
4.452602,STEP,3.000000,1.845379,0.000000,1.154621,159.048001
4.462830,STEP,3.000000,1.845379,0.000000,1.154621,159.048001
4.473281,STEP,3.000000,1.845379,0.000000,1.154621,159.048001
4.483487,STEP,3.000000,1.845379,0.000000,1.154621,159.048001
4.494020,STEP,3.000000,1.845379,0.000000,1.154621,159.048001
4.504232,STEP,3.000000,1.845379,0.000000,1.154621,159.048001
4.514701,STEP,3.000000,1.845379,0.000000,1.154621,159.048001
4.524926,STEP,3.000000,1.845379,0.000000,1.154621,159.048001
4.535369,STEP,3.000000,1.845379,0.000000,1.154621,159.048001
4.545578,STEP,3.000000,1.845379,0.000000,1.154621,159.048001
4.556095,STEP,3.000000,1.845379,0.000000,1.154621,159.048001
4.566296,STEP,3.000000,1.845379,0.000000,1.154621,159.048001
4.576809,STEP,3.000000,1.845379,0.000000,1.154621,159.048001
4.587289,STEP,3.000000,1.845379,0.000000,1.154621,159.048001
4.597761,STEP,3.000000,1.845379,0.000000,1.154621,159.048001
4.607990,STEP,3.000000,1.845379,0.000000,1.154621,159.048001
4.618446,STEP,3.000000,1.843845,0.000000,1.156155,159.335610
4.628670,STEP,3.000000,1.843845,0.000000,1.156155,159.335610
4.639217,STEP,3.000000,1.845379,0.000000,1.154621,159.048001
4.649430,STEP,3.000000,1.845379,0.000000,1.154621,159.048001
4.659945,STEP,3.000000,1.845379,0.000000,1.154621,159.048001
4.670200,STEP,3.000000,1.845379,0.000000,1.154621,159.048001
4.680664,STEP,3.000000,1.845379,0.000000,1.154621,159.048001
4.690872,STEP,3.000000,1.845379,0.000000,1.154621,159.048001
4.701343,STEP,3.000000,1.845379,0.000000,1.154621,159.048001
4.711580,STEP,3.000000,1.845379,0.000000,1.154621,159.048001
4.722069,STEP,3.000000,1.845379,0.000000,1.154621,159.048001
4.732283,STEP,3.000000,1.845379,0.000000,1.154621,159.048001
4.742997,STEP,3.000000,1.845379,0.000000,1.154621,159.048001
4.753244,STEP,3.000000,1.845379,0.000000,1.154621,159.048001
4.763766,STEP,3.000000,1.845379,0.000000,1.154621,159.048001
4.773968,STEP,3.000000,1.845379,0.000000,1.154621,159.048001
4.784412,STEP,3.000000,1.845379,0.000000,1.154621,159.048001
4.794654,STEP,3.000000,1.845379,0.000000,1.154621,159.048001
4.805115,STEP,3.000000,1.845379,0.000000,1.154621,159.048001
4.815345,STEP,3.000000,1.845379,0.000000,1.154621,159.048001
4.826047,STEP,3.000000,1.845379,0.000000,1.154621,159.048001
4.836264,STEP,3.000000,1.845379,0.000000,1.154621,159.048001
4.846785,STEP,3.000000,1.845379,0.000000,1.154621,159.048001
4.857084,STEP,3.000000,1.845379,0.000000,1.154621,159.048001
4.867570,STEP,3.000000,1.845379,0.000000,1.154621,159.048001
4.877829,STEP,3.000000,1.845379,0.000000,1.154621,159.048001
4.888288,STEP,3.000000,1.845379,0.000000,1.154621,159.048001
4.898557,STEP,3.000000,1.845379,0.000000,1.154621,159.048001
4.909247,STEP,3.000000,1.845379,0.000000,1.154621,159.048001
4.919544,STEP,3.000000,1.845379,0.000000,1.154621,159.048001
4.930230,STEP,3.000000,1.845379,0.000000,1.154621,159.048001
4.940537,STEP,3.000000,1.845379,0.000000,1.154621,159.048001
4.951076,STEP,3.000000,1.845379,0.000000,1.154621,159.048001
4.961303,STEP,3.000000,1.845379,0.000000,1.154621,159.048001
4.971803,STEP,3.000000,1.845379,0.000000,1.154621,159.048001
4.981984,STEP,3.000000,1.845379,0.000000,1.154621,159.048001
4.992780,STEP,3.000000,1.845379,0.000000,1.154621,159.048001
5.002986,STEP,3.000000,1.845379,0.000000,1.154621,159.048001
5.013418,STEP,3.000000,1.845379,0.000000,1.154621,159.048001
5.023633,STEP,3.000000,1.845379,0.000000,1.154621,159.048001
5.034175,STEP,3.000000,1.845379,0.000000,1.154621,159.048001
5.044391,STEP,3.000000,1.845379,0.000000,1.154621,159.048001
5.054877,STEP,3.000000,1.845379,0.000000,1.154621,159.048001
5.065140,STEP,3.000000,1.845379,0.000000,1.154621,159.048001
5.075758,STEP,3.000000,1.845379,0.000000,1.154621,159.048001
5.085977,STEP,3.000000,1.845379,0.000000,1.154621,159.048001
5.096804,STEP,3.000000,1.845379,0.000000,1.154621,159.048001
5.107023,STEP,3.000000,1.845379,0.000000,1.154621,159.048001
5.117425,STEP,3.000000,1.845379,0.000000,1.154621,159.048001
5.127610,STEP,3.000000,1.845379,0.000000,1.154621,159.048001
5.137921,STEP,3.000000,1.845379,0.000000,1.154621,159.048001
5.148119,STEP,3.000000,1.845379,0.000000,1.154621,159.048001
5.158564,STEP,3.000000,1.845379,0.000000,1.154621,159.048001
5.168759,STEP,3.000000,1.845379,0.000000,1.154621,159.048001
5.179197,STEP,3.000000,1.845379,0.000000,1.154621,159.048001
5.189384,STEP,3.000000,1.845379,0.000000,1.154621,159.048001
5.199905,STEP,3.000000,1.845379,0.000000,1.154621,159.048001
5.210145,STEP,3.000000,1.845379,0.000000,1.154621,159.048001
5.220609,STEP,3.000000,1.845379,0.000000,1.154621,159.048001
5.230820,STEP,3.000000,1.845379,0.000000,1.154621,159.048001
5.241388,STEP,3.000000,1.843845,0.000000,1.156155,159.335610
5.251626,STEP,3.000000,1.843845,0.000000,1.156155,159.335610
5.262120,STEP,3.000000,1.845379,0.000000,1.154621,159.048001
5.272374,STEP,3.000000,1.845379,0.000000,1.154621,159.048001
5.283090,STEP,3.000000,1.845379,0.000000,1.154621,159.048001
5.293368,STEP,3.000000,1.845379,0.000000,1.154621,159.048001
5.303864,STEP,3.000000,1.845379,0.000000,1.154621,159.048001
5.314058,STEP,3.000000,1.845379,0.000000,1.154621,159.048001
5.324609,STEP,3.000000,1.845379,0.000000,1.154621,159.048001
5.334780,STEP,3.000000,1.845379,0.000000,1.154621,159.048001
5.345242,STEP,3.000000,1.843845,0.000000,1.156155,159.335610
5.355463,STEP,3.000000,1.843845,0.000000,1.156155,159.335610
5.365967,STEP,3.000000,1.845379,0.000000,1.154621,159.048001
5.376335,STEP,3.000000,1.845379,0.000000,1.154621,159.048001
5.386860,STEP,3.000000,1.845379,0.000000,1.154621,159.048001
5.397090,STEP,3.000000,1.845379,0.000000,1.154621,159.048001
5.407557,STEP,3.000000,1.845379,0.000000,1.154621,159.048001
5.417761,STEP,3.000000,1.845379,0.000000,1.154621,159.048001
5.428183,STEP,3.000000,1.843845,0.000000,1.156155,159.335610
5.438395,STEP,3.000000,1.843845,0.000000,1.156155,159.335610
5.448856,STEP,3.000000,1.845379,0.000000,1.154621,159.048001
5.459111,STEP,3.000000,1.845379,0.000000,1.154621,159.048001
5.469681,STEP,3.000000,1.845379,0.000000,1.154621,159.048001
5.479904,STEP,3.000000,1.845379,0.000000,1.154621,159.048001
5.490512,STEP,3.000000,1.845379,0.000000,1.154621,159.048001
5.500745,STEP,3.000000,1.845379,0.000000,1.154621,159.048001
5.511215,STEP,3.000000,1.845379,0.000000,1.154621,159.048001
5.521405,STEP,3.000000,1.845379,0.000000,1.154621,159.048001
5.531880,STEP,3.000000,1.845379,0.000000,1.154621,159.048001
5.542097,STEP,3.000000,1.845379,0.000000,1.154621,159.048001
5.552542,STEP,3.000000,1.845379,0.000000,1.154621,159.048001
5.562775,STEP,3.000000,1.845379,0.000000,1.154621,159.048001
5.573218,STEP,3.000000,1.845379,0.000000,1.154621,159.048001
5.583438,STEP,3.000000,1.845379,0.000000,1.154621,159.048001
5.594018,STEP,3.000000,1.845379,0.000000,1.154621,159.048001
5.604529,STEP,3.000000,1.845379,0.000000,1.154621,159.048001
5.615051,STEP,3.000000,1.845379,0.000000,1.154621,159.048001
5.625273,STEP,3.000000,1.845379,0.000000,1.154621,159.048001
5.635756,STEP,3.000000,1.845379,0.000000,1.154621,159.048001
5.645953,STEP,3.000000,1.845379,0.000000,1.154621,159.048001
5.656343,STEP,3.000000,1.845379,0.000000,1.154621,159.048001
5.666568,STEP,3.000000,1.845379,0.000000,1.154621,159.048001
5.677069,STEP,3.000000,1.845379,0.000000,1.154621,159.048001
5.687262,STEP,3.000000,1.845379,0.000000,1.154621,159.048001
5.697901,STEP,3.000000,1.845379,0.000000,1.154621,159.048001
5.708221,STEP,3.000000,1.845379,0.000000,1.154621,159.048001
5.718689,STEP,3.000000,1.845379,0.000000,1.154621,159.048001
5.728906,STEP,3.000000,1.845379,0.000000,1.154621,159.048001
5.739369,STEP,3.000000,1.845379,0.000000,1.154621,159.048001
5.749655,STEP,3.000000,1.845379,0.000000,1.154621,159.048001
5.760260,STEP,3.000000,1.845379,0.000000,1.154621,159.048001
5.770568,STEP,3.000000,1.845379,0.000000,1.154621,159.048001
5.781120,STEP,3.000000,1.845379,0.000000,1.154621,159.048001
5.791374,STEP,3.000000,1.845379,0.000000,1.154621,159.048001
5.801945,STEP,3.000000,1.845379,0.000000,1.154621,159.048001
5.812163,STEP,3.000000,1.845379,0.000000,1.154621,159.048001
5.822650,STEP,3.000000,1.845379,0.000000,1.154621,159.048001
5.832893,STEP,3.000000,1.845379,0.000000,1.154621,159.048001
5.843611,STEP,3.000000,1.845379,0.000000,1.154621,159.048001
5.853891,STEP,3.000000,1.845379,0.000000,1.154621,159.048001
5.864336,STEP,3.000000,1.845379,0.000000,1.154621,159.048001
5.874581,STEP,3.000000,1.845379,0.000000,1.154621,159.048001
5.885024,STEP,3.000000,1.845379,0.000000,1.154621,159.048001
5.895241,STEP,3.000000,1.845379,0.000000,1.154621,159.048001
5.905817,STEP,3.000000,1.845379,0.000000,1.154621,159.048001
5.916113,STEP,3.000000,1.845379,0.000000,1.154621,159.048001
5.926637,STEP,3.000000,1.845379,0.000000,1.154621,159.048001
5.936863,STEP,3.000000,1.845379,0.000000,1.154621,159.048001
5.947337,STEP,3.000000,1.845379,0.000000,1.154621,159.048001
5.957559,STEP,3.000000,1.845379,0.000000,1.154621,159.048001
5.968008,STEP,3.000000,1.845379,0.000000,1.154621,159.048001
5.978226,STEP,3.000000,1.845379,0.000000,1.154621,159.048001
5.988695,STEP,3.000000,1.845379,0.000000,1.154621,159.048001
5.998924,STEP,3.000000,1.845379,0.000000,1.154621,159.048001
6.009552,STEP,3.000000,1.845379,0.000000,1.154621,159.048001
6.019820,STEP,3.000000,1.845379,0.000000,1.154621,159.048001
6.030369,STEP,3.000000,1.845379,0.000000,1.154621,159.048001
6.040582,STEP,3.000000,1.845379,0.000000,1.154621,159.048001
6.051074,STEP,3.000000,1.845379,0.000000,1.154621,159.048001
6.061299,STEP,3.000000,1.845379,0.000000,1.154621,159.048001
6.071846,STEP,3.000000,1.845379,0.000000,1.154621,159.048001
6.082059,STEP,3.000000,1.845379,0.000000,1.154621,159.048001
6.092691,STEP,3.000000,1.845379,0.000000,1.154621,159.048001
6.102956,STEP,3.000000,1.845379,0.000000,1.154621,159.048001
6.113797,STEP,3.000000,1.845379,0.000000,1.154621,159.048001
6.124004,STEP,3.000000,1.845379,0.000000,1.154621,159.048001
6.134419,STEP,3.000000,1.845379,0.000000,1.154621,159.048001
6.144645,STEP,3.000000,1.845379,0.000000,1.154621,159.048001
6.155169,STEP,3.000000,1.845379,0.000000,1.154621,159.048001
6.165401,STEP,3.000000,1.845379,0.000000,1.154621,159.048001
6.176118,STEP,3.000000,1.845379,0.000000,1.154621,159.048001
6.186352,STEP,3.000000,1.845379,0.000000,1.154621,159.048001
6.196816,STEP,3.000000,1.845379,0.000000,1.154621,159.048001
6.206998,STEP,3.000000,1.845379,0.000000,1.154621,159.048001
6.217424,STEP,3.000000,1.845379,0.000000,1.154621,159.048001
6.227678,STEP,3.000000,1.845379,0.000000,1.154621,159.048001
6.238154,STEP,3.000000,1.845379,0.000000,1.154621,159.048001
6.248392,STEP,3.000000,1.845379,0.000000,1.154621,159.048001
6.258940,STEP,3.000000,1.845379,0.000000,1.154621,159.048001
6.269206,STEP,3.000000,1.845379,0.000000,1.154621,159.048001
6.279687,STEP,3.000000,1.845379,0.000000,1.154621,159.048001
6.289914,STEP,3.000000,1.845379,0.000000,1.154621,159.048001
6.300395,STEP,3.000000,1.845379,0.000000,1.154621,159.048001
6.310630,STEP,3.000000,1.845379,0.000000,1.154621,159.048001
6.321107,STEP,3.000000,1.845379,0.000000,1.154621,159.048001
6.331318,STEP,3.000000,1.845379,0.000000,1.154621,159.048001
6.341768,STEP,3.000000,1.845379,0.000000,1.154621,159.048001
6.351947,STEP,3.000000,1.845379,0.000000,1.154621,159.048001
6.362363,STEP,3.000000,1.845379,0.000000,1.154621,159.048001
6.372564,STEP,3.000000,1.845379,0.000000,1.154621,159.048001
6.383032,STEP,3.000000,1.845379,0.000000,1.154621,159.048001
6.393258,STEP,3.000000,1.845379,0.000000,1.154621,159.048001
6.403700,STEP,3.000000,1.845379,0.000000,1.154621,159.048001
6.413916,STEP,3.000000,1.845379,0.000000,1.154621,159.048001
6.424382,STEP,3.000000,1.845379,0.000000,1.154621,159.048001
6.434597,STEP,3.000000,1.845379,0.000000,1.154621,159.048001
6.444998,STEP,3.000000,1.845379,0.000000,1.154621,159.048001
6.455186,STEP,3.000000,1.845379,0.000000,1.154621,159.048001
6.465575,STEP,3.000000,1.845379,0.000000,1.154621,159.048001
6.475891,STEP,3.000000,1.845379,0.000000,1.154621,159.048001
6.486356,STEP,3.000000,1.845379,0.000000,1.154621,159.048001
6.496572,STEP,3.000000,1.845379,0.000000,1.154621,159.048001
6.507023,STEP,3.000000,1.845379,0.000000,1.154621,159.048001
6.517218,STEP,3.000000,1.845379,0.000000,1.154621,159.048001
6.527654,STEP,3.000000,1.845379,0.000000,1.154621,159.048001
6.537863,STEP,3.000000,1.845379,0.000000,1.154621,159.048001
6.548332,STEP,3.000000,1.845379,0.000000,1.154621,159.048001
6.558570,STEP,3.000000,1.845379,0.000000,1.154621,159.048001
6.568993,STEP,3.000000,1.845379,0.000000,1.154621,159.048001
6.579257,STEP,3.000000,1.845379,0.000000,1.154621,159.048001
6.589714,STEP,3.000000,1.845379,0.000000,1.154621,159.048001
6.599990,STEP,3.000000,1.845379,0.000000,1.154621,159.048001
6.610649,STEP,3.000000,1.845379,0.000000,1.154621,159.048001
6.621316,STEP,3.000000,1.845379,0.000000,1.154621,159.048001
6.631804,STEP,3.000000,1.845379,0.000000,1.154621,159.048001
6.642009,STEP,3.000000,1.845379,0.000000,1.154621,159.048001
6.652410,STEP,3.000000,1.845379,0.000000,1.154621,159.048001
6.662647,STEP,3.000000,1.845379,0.000000,1.154621,159.048001
6.673139,STEP,3.000000,1.845379,0.000000,1.154621,159.048001
6.683352,STEP,3.000000,1.845379,0.000000,1.154621,159.048001
6.693828,STEP,3.000000,1.845379,0.000000,1.154621,159.048001
6.704028,STEP,3.000000,1.845379,0.000000,1.154621,159.048001
6.714407,STEP,3.000000,1.845379,0.000000,1.154621,159.048001
6.724623,STEP,3.000000,1.845379,0.000000,1.154621,159.048001
6.735064,STEP,3.000000,1.845379,0.000000,1.154621,159.048001
6.745298,STEP,3.000000,1.845379,0.000000,1.154621,159.048001
6.755818,STEP,3.000000,1.845379,0.000000,1.154621,159.048001
6.766029,STEP,3.000000,1.845379,0.000000,1.154621,159.048001
6.776682,STEP,3.000000,1.845379,0.000000,1.154621,159.048001
6.786911,STEP,3.000000,1.845379,0.000000,1.154621,159.048001
6.797376,STEP,3.000000,1.845379,0.000000,1.154621,159.048001
6.807568,STEP,3.000000,1.845379,0.000000,1.154621,159.048001
6.817929,STEP,3.000000,1.845379,0.000000,1.154621,159.048001
6.828137,STEP,3.000000,1.845379,0.000000,1.154621,159.048001
6.838680,STEP,3.000000,1.843845,0.000000,1.156155,159.335610
6.848882,STEP,3.000000,1.843845,0.000000,1.156155,159.335610
6.859503,STEP,3.000000,1.845379,0.000000,1.154621,159.048001
6.869691,STEP,3.000000,1.845379,0.000000,1.154621,159.048001
6.880119,STEP,3.000000,1.845379,0.000000,1.154621,159.048001
6.890333,STEP,3.000000,1.845379,0.000000,1.154621,159.048001
6.900850,STEP,3.000000,1.845379,0.000000,1.154621,159.048001
6.911074,STEP,3.000000,1.845379,0.000000,1.154621,159.048001
6.921557,STEP,3.000000,1.845379,0.000000,1.154621,159.048001
6.931789,STEP,3.000000,1.845379,0.000000,1.154621,159.048001
6.942536,STEP,3.000000,1.845379,0.000000,1.154621,159.048001
6.952837,STEP,3.000000,1.845379,0.000000,1.154621,159.048001
6.963358,STEP,3.000000,1.845379,0.000000,1.154621,159.048001
6.973592,STEP,3.000000,1.845379,0.000000,1.154621,159.048001
6.984041,STEP,3.000000,1.845379,0.000000,1.154621,159.048001
6.994258,STEP,3.000000,1.845379,0.000000,1.154621,159.048001
7.004757,STEP,3.000000,1.845379,0.000000,1.154621,159.048001
7.014954,STEP,3.000000,1.845379,0.000000,1.154621,159.048001
7.025478,STEP,3.000000,1.845379,0.000000,1.154621,159.048001
7.035717,STEP,3.000000,1.845379,0.000000,1.154621,159.048001
7.046236,STEP,3.000000,1.845379,0.000000,1.154621,159.048001
7.056429,STEP,3.000000,1.845379,0.000000,1.154621,159.048001
7.066824,STEP,3.000000,1.845379,0.000000,1.154621,159.048001
7.077016,STEP,3.000000,1.845379,0.000000,1.154621,159.048001
7.087439,STEP,3.000000,1.845379,0.000000,1.154621,159.048001
7.097669,STEP,3.000000,1.845379,0.000000,1.154621,159.048001
7.108282,STEP,3.000000,1.845379,0.000000,1.154621,159.048001
7.118498,STEP,3.000000,1.845379,0.000000,1.154621,159.048001
7.129218,STEP,3.000000,1.845379,0.000000,1.154621,159.048001
7.139414,STEP,3.000000,1.845379,0.000000,1.154621,159.048001
7.149907,STEP,3.000000,1.845379,0.000000,1.154621,159.048001
7.160127,STEP,3.000000,1.845379,0.000000,1.154621,159.048001
7.170595,STEP,3.000000,1.845379,0.000000,1.154621,159.048001
7.180909,STEP,3.000000,1.845379,0.000000,1.154621,159.048001
7.191386,STEP,3.000000,1.843845,0.000000,1.156155,159.335610
7.201634,STEP,3.000000,1.843845,0.000000,1.156155,159.335610
7.212024,STEP,3.000000,1.845379,0.000000,1.154621,159.048001
7.222212,STEP,3.000000,1.845379,0.000000,1.154621,159.048001
7.232596,STEP,3.000000,1.845379,0.000000,1.154621,159.048001
7.242882,STEP,3.000000,1.845379,0.000000,1.154621,159.048001
7.253294,STEP,3.000000,1.845379,0.000000,1.154621,159.048001
7.263516,STEP,3.000000,1.845379,0.000000,1.154621,159.048001
7.274057,STEP,3.000000,1.845379,0.000000,1.154621,159.048001
7.284300,STEP,3.000000,1.845379,0.000000,1.154621,159.048001
7.294777,STEP,3.000000,1.845379,0.000000,1.154621,159.048001
7.304965,STEP,3.000000,1.845379,0.000000,1.154621,159.048001
7.315472,STEP,3.000000,1.845379,0.000000,1.154621,159.048001
7.325782,STEP,3.000000,1.845379,0.000000,1.154621,159.048001
7.336243,STEP,3.000000,1.845379,0.000000,1.154621,159.048001
7.346452,STEP,3.000000,1.845379,0.000000,1.154621,159.048001
7.356895,STEP,3.000000,1.845379,0.000000,1.154621,159.048001
7.367147,STEP,3.000000,1.845379,0.000000,1.154621,159.048001
7.377660,STEP,3.000000,1.845379,0.000000,1.154621,159.048001
7.387854,STEP,3.000000,1.845379,0.000000,1.154621,159.048001
7.398395,STEP,3.000000,1.845379,0.000000,1.154621,159.048001
7.408640,STEP,3.000000,1.845379,0.000000,1.154621,159.048001
7.419104,STEP,3.000000,1.845379,0.000000,1.154621,159.048001
7.429364,STEP,3.000000,1.845379,0.000000,1.154621,159.048001
7.439894,STEP,3.000000,1.845379,0.000000,1.154621,159.048001
7.450172,STEP,3.000000,1.845379,0.000000,1.154621,159.048001
7.460673,STEP,3.000000,1.845379,0.000000,1.154621,159.048001
7.470854,STEP,3.000000,1.845379,0.000000,1.154621,159.048001
7.481288,STEP,3.000000,1.845379,0.000000,1.154621,159.048001
7.491511,STEP,3.000000,1.845379,0.000000,1.154621,159.048001
7.502067,STEP,3.000000,1.845379,0.000000,1.154621,159.048001
7.512298,STEP,3.000000,1.845379,0.000000,1.154621,159.048001
7.522795,STEP,3.000000,1.845379,0.000000,1.154621,159.048001
7.532998,STEP,3.000000,1.845379,0.000000,1.154621,159.048001
7.543482,STEP,3.000000,1.845379,0.000000,1.154621,159.048001
7.553676,STEP,3.000000,1.845379,0.000000,1.154621,159.048001
7.564099,STEP,3.000000,1.845379,0.000000,1.154621,159.048001
7.574309,STEP,3.000000,1.845379,0.000000,1.154621,159.048001
7.584731,STEP,3.000000,1.845379,0.000000,1.154621,159.048001
7.594981,STEP,3.000000,1.845379,0.000000,1.154621,159.048001
7.605392,STEP,3.000000,1.845379,0.000000,1.154621,159.048001
7.615701,STEP,3.000000,1.845379,0.000000,1.154621,159.048001
7.626386,STEP,3.000000,1.845379,0.000000,1.154621,159.048001
7.636890,STEP,3.000000,1.845379,0.000000,1.154621,159.048001
7.647328,STEP,3.000000,1.845379,0.000000,1.154621,159.048001
7.657540,STEP,3.000000,1.845379,0.000000,1.154621,159.048001
7.668030,STEP,3.000000,1.845379,0.000000,1.154621,159.048001
7.678237,STEP,3.000000,1.845379,0.000000,1.154621,159.048001
7.688686,STEP,3.000000,1.845379,0.000000,1.154621,159.048001
7.698955,STEP,3.000000,1.845379,0.000000,1.154621,159.048001
7.709489,STEP,3.000000,1.845379,0.000000,1.154621,159.048001
7.719689,STEP,3.000000,1.845379,0.000000,1.154621,159.048001
7.730217,STEP,3.000000,1.845379,0.000000,1.154621,159.048001
7.740442,STEP,3.000000,1.845379,0.000000,1.154621,159.048001
7.750885,STEP,3.000000,1.845379,0.000000,1.154621,159.048001
7.761174,STEP,3.000000,1.845379,0.000000,1.154621,159.048001
7.771632,STEP,3.000000,1.845379,0.000000,1.154621,159.048001
7.781828,STEP,3.000000,1.845379,0.000000,1.154621,159.048001
7.792451,STEP,3.000000,1.845379,0.000000,1.154621,159.048001
7.802778,STEP,3.000000,1.845379,0.000000,1.154621,159.048001
7.813237,STEP,3.000000,1.845379,0.000000,1.154621,159.048001
7.823466,STEP,3.000000,1.845379,0.000000,1.154621,159.048001
7.833958,STEP,3.000000,1.845379,0.000000,1.154621,159.048001
7.844162,STEP,3.000000,1.845379,0.000000,1.154621,159.048001
7.854585,STEP,3.000000,1.845379,0.000000,1.154621,159.048001
7.864906,STEP,3.000000,1.845379,0.000000,1.154621,159.048001
7.875528,STEP,3.000000,1.845379,0.000000,1.154621,159.048001
7.885862,STEP,3.000000,1.845379,0.000000,1.154621,159.048001
7.896313,STEP,3.000000,1.845379,0.000000,1.154621,159.048001
7.906580,STEP,3.000000,1.845379,0.000000,1.154621,159.048001
7.917132,STEP,3.000000,1.845379,0.000000,1.154621,159.048001
7.927396,STEP,3.000000,1.845379,0.000000,1.154621,159.048001
7.937858,STEP,3.000000,1.845379,0.000000,1.154621,159.048001
7.948147,STEP,3.000000,1.845379,0.000000,1.154621,159.048001
7.958840,STEP,3.000000,1.845379,0.000000,1.154621,159.048001
7.969063,STEP,3.000000,1.845379,0.000000,1.154621,159.048001
7.979619,STEP,3.000000,1.845379,0.000000,1.154621,159.048001
7.989827,STEP,3.000000,1.845379,0.000000,1.154621,159.048001
8.000270,STEP,3.000000,1.845379,0.000000,1.154621,159.048001
8.010499,STEP,3.000000,1.845379,0.000000,1.154621,159.048001
8.020987,STEP,3.000000,1.845379,0.000000,1.154621,159.048001
8.031269,STEP,3.000000,1.845379,0.000000,1.154621,159.048001
8.041899,STEP,3.000000,1.845379,0.000000,1.154621,159.048001
8.052106,STEP,3.000000,1.845379,0.000000,1.154621,159.048001
8.062634,STEP,3.000000,1.845379,0.000000,1.154621,159.048001
8.072939,STEP,3.000000,1.845379,0.000000,1.154621,159.048001
8.083451,STEP,3.000000,1.845379,0.000000,1.154621,159.048001
8.093681,STEP,3.000000,1.845379,0.000000,1.154621,159.048001
8.104192,STEP,3.000000,1.845379,0.000000,1.154621,159.048001
8.114476,STEP,3.000000,1.845379,0.000000,1.154621,159.048001
8.125083,STEP,3.000000,1.845379,0.000000,1.154621,159.048001
8.135343,STEP,3.000000,1.845379,0.000000,1.154621,159.048001
8.146207,STEP,3.000000,1.845379,0.000000,1.154621,159.048001
8.156379,STEP,3.000000,1.845379,0.000000,1.154621,159.048001
8.166812,STEP,3.000000,1.845379,0.000000,1.154621,159.048001
8.177023,STEP,3.000000,1.845379,0.000000,1.154621,159.048001
8.187434,STEP,3.000000,1.845379,0.000000,1.154621,159.048001
8.197667,STEP,3.000000,1.845379,0.000000,1.154621,159.048001
8.208212,STEP,3.000000,1.845379,0.000000,1.154621,159.048001
8.218438,STEP,3.000000,1.845379,0.000000,1.154621,159.048001
8.228906,STEP,3.000000,1.845379,0.000000,1.154621,159.048001
8.239133,STEP,3.000000,1.845379,0.000000,1.154621,159.048001
8.249642,STEP,3.000000,1.845379,0.000000,1.154621,159.048001
8.259846,STEP,3.000000,1.845379,0.000000,1.154621,159.048001
8.270286,STEP,3.000000,1.845379,0.000000,1.154621,159.048001
8.280513,STEP,3.000000,1.845379,0.000000,1.154621,159.048001
8.290982,STEP,3.000000,1.845379,0.000000,1.154621,159.048001
8.301177,STEP,3.000000,1.845379,0.000000,1.154621,159.048001
8.311593,STEP,3.000000,1.845379,0.000000,1.154621,159.048001
8.321762,STEP,3.000000,1.845379,0.000000,1.154621,159.048001
8.332218,STEP,3.000000,1.845379,0.000000,1.154621,159.048001
8.342481,STEP,3.000000,1.845379,0.000000,1.154621,159.048001
8.352950,STEP,3.000000,1.845379,0.000000,1.154621,159.048001
8.363140,STEP,3.000000,1.845379,0.000000,1.154621,159.048001
8.373723,STEP,3.000000,1.845379,0.000000,1.154621,159.048001
8.383968,STEP,3.000000,1.845379,0.000000,1.154621,159.048001
8.394412,STEP,3.000000,1.845379,0.000000,1.154621,159.048001
8.404601,STEP,3.000000,1.845379,0.000000,1.154621,159.048001
8.415042,STEP,3.000000,1.845379,0.000000,1.154621,159.048001
8.425277,STEP,3.000000,1.845379,0.000000,1.154621,159.048001
8.435752,STEP,3.000000,1.845379,0.000000,1.154621,159.048001
8.445953,STEP,3.000000,1.845379,0.000000,1.154621,159.048001
8.456438,STEP,3.000000,1.845379,0.000000,1.154621,159.048001
8.466718,STEP,3.000000,1.845379,0.000000,1.154621,159.048001
8.477184,STEP,3.000000,1.845379,0.000000,1.154621,159.048001
8.487410,STEP,3.000000,1.845379,0.000000,1.154621,159.048001
8.497880,STEP,3.000000,1.845379,0.000000,1.154621,159.048001
8.508146,STEP,3.000000,1.845379,0.000000,1.154621,159.048001
8.518576,STEP,3.000000,1.845379,0.000000,1.154621,159.048001
8.528799,STEP,3.000000,1.845379,0.000000,1.154621,159.048001
8.539359,STEP,3.000000,1.845379,0.000000,1.154621,159.048001
8.549613,STEP,3.000000,1.845379,0.000000,1.154621,159.048001
8.560170,STEP,3.000000,1.845379,0.000000,1.154621,159.048001
8.570399,STEP,3.000000,1.845379,0.000000,1.154621,159.048001
8.580982,STEP,3.000000,1.845379,0.000000,1.154621,159.048001
8.591210,STEP,3.000000,1.845379,0.000000,1.154621,159.048001
8.601683,STEP,3.000000,1.845379,0.000000,1.154621,159.048001
8.611970,STEP,3.000000,1.845379,0.000000,1.154621,159.048001
8.622535,STEP,3.000000,1.845379,0.000000,1.154621,159.048001
8.632774,STEP,3.000000,1.845379,0.000000,1.154621,159.048001
8.643252,STEP,3.000000,1.845379,0.000000,1.154621,159.048001
8.653820,STEP,3.000000,1.845379,0.000000,1.154621,159.048001
8.664351,STEP,3.000000,1.845379,0.000000,1.154621,159.048001
8.674609,STEP,3.000000,1.845379,0.000000,1.154621,159.048001
8.685071,STEP,3.000000,1.845379,0.000000,1.154621,159.048001
8.695321,STEP,3.000000,1.845379,0.000000,1.154621,159.048001
8.705847,STEP,3.000000,1.845379,0.000000,1.154621,159.048001
8.716055,STEP,3.000000,1.845379,0.000000,1.154621,159.048001
8.726581,STEP,3.000000,1.845379,0.000000,1.154621,159.048001
8.736793,STEP,3.000000,1.845379,0.000000,1.154621,159.048001
8.747247,STEP,3.000000,1.845379,0.000000,1.154621,159.048001
8.757485,STEP,3.000000,1.845379,0.000000,1.154621,159.048001
8.768048,STEP,3.000000,1.845379,0.000000,1.154621,159.048001
8.778343,STEP,3.000000,1.845379,0.000000,1.154621,159.048001
8.788857,STEP,3.000000,1.845379,0.000000,1.154621,159.048001
8.799180,STEP,3.000000,1.845379,0.000000,1.154621,159.048001
8.809714,STEP,3.000000,1.845379,0.000000,1.154621,159.048001
8.819984,STEP,3.000000,1.845379,0.000000,1.154621,159.048001
8.830479,STEP,3.000000,1.845379,0.000000,1.154621,159.048001
8.840701,STEP,3.000000,1.845379,0.000000,1.154621,159.048001
8.851240,STEP,3.000000,1.845379,0.000000,1.154621,159.048001
8.861512,STEP,3.000000,1.845379,0.000000,1.154621,159.048001
8.872059,STEP,3.000000,1.845379,0.000000,1.154621,159.048001
8.882377,STEP,3.000000,1.845379,0.000000,1.154621,159.048001
8.892962,STEP,3.000000,1.845379,0.000000,1.154621,159.048001
8.903157,STEP,3.000000,1.845379,0.000000,1.154621,159.048001
8.913605,STEP,3.000000,1.845379,0.000000,1.154621,159.048001
8.923791,STEP,3.000000,1.845379,0.000000,1.154621,159.048001
8.934348,STEP,3.000000,1.845379,0.000000,1.154621,159.048001
8.944590,STEP,3.000000,1.845379,0.000000,1.154621,159.048001
8.955165,STEP,3.000000,1.845379,0.000000,1.154621,159.048001
8.965433,STEP,3.000000,1.845379,0.000000,1.154621,159.048001
8.976167,STEP,3.000000,1.845379,0.000000,1.154621,159.048001
8.986517,STEP,3.000000,1.845379,0.000000,1.154621,159.048001
8.997067,STEP,3.000000,1.845379,0.000000,1.154621,159.048001
9.007251,STEP,3.000000,1.845379,0.000000,1.154621,159.048001
9.017782,STEP,3.000000,1.845379,0.000000,1.154621,159.048001
9.027991,STEP,3.000000,1.845379,0.000000,1.154621,159.048001
9.038514,STEP,3.000000,1.845379,0.000000,1.154621,159.048001
9.048743,STEP,3.000000,1.845379,0.000000,1.154621,159.048001
9.059322,STEP,3.000000,1.845379,0.000000,1.154621,159.048001
9.069570,STEP,3.000000,1.845379,0.000000,1.154621,159.048001
9.080061,STEP,3.000000,1.845379,0.000000,1.154621,159.048001
9.090290,STEP,3.000000,1.845379,0.000000,1.154621,159.048001
9.100727,STEP,3.000000,1.845379,0.000000,1.154621,159.048001
9.110934,STEP,3.000000,1.845379,0.000000,1.154621,159.048001
9.121342,STEP,3.000000,1.845379,0.000000,1.154621,159.048001
9.131622,STEP,3.000000,1.845379,0.000000,1.154621,159.048001
9.142174,STEP,3.000000,1.845379,0.000000,1.154621,159.048001
9.152394,STEP,3.000000,1.845379,0.000000,1.154621,159.048001
9.163140,STEP,3.000000,1.845379,0.000000,1.154621,159.048001
9.173352,STEP,3.000000,1.845379,0.000000,1.154621,159.048001
9.183864,STEP,3.000000,1.845379,0.000000,1.154621,159.048001
9.194072,STEP,3.000000,1.845379,0.000000,1.154621,159.048001
9.204496,STEP,3.000000,1.845379,0.000000,1.154621,159.048001
9.214777,STEP,3.000000,1.845379,0.000000,1.154621,159.048001
9.225296,STEP,3.000000,1.845379,0.000000,1.154621,159.048001
9.235554,STEP,3.000000,1.845379,0.000000,1.154621,159.048001
9.246025,STEP,3.000000,1.845379,0.000000,1.154621,159.048001
9.256254,STEP,3.000000,1.845379,0.000000,1.154621,159.048001
9.266688,STEP,3.000000,1.845379,0.000000,1.154621,159.048001
9.276893,STEP,3.000000,1.845379,0.000000,1.154621,159.048001
9.287318,STEP,3.000000,1.845379,0.000000,1.154621,159.048001
9.297519,STEP,3.000000,1.845379,0.000000,1.154621,159.048001
9.308030,STEP,3.000000,1.845379,0.000000,1.154621,159.048001
9.318236,STEP,3.000000,1.845379,0.000000,1.154621,159.048001
9.328660,STEP,3.000000,1.845379,0.000000,1.154621,159.048001
9.338848,STEP,3.000000,1.845379,0.000000,1.154621,159.048001
9.349229,STEP,3.000000,1.845379,0.000000,1.154621,159.048001
9.359458,STEP,3.000000,1.845379,0.000000,1.154621,159.048001
9.369964,STEP,3.000000,1.845379,0.000000,1.154621,159.048001
9.380161,STEP,3.000000,1.845379,0.000000,1.154621,159.048001
9.390713,STEP,3.000000,1.845379,0.000000,1.154621,159.048001
9.400933,STEP,3.000000,1.845379,0.000000,1.154621,159.048001
9.411358,STEP,3.000000,1.845379,0.000000,1.154621,159.048001
9.421537,STEP,3.000000,1.845379,0.000000,1.154621,159.048001
9.432007,STEP,3.000000,1.845379,0.000000,1.154621,159.048001
9.442238,STEP,3.000000,1.845379,0.000000,1.154621,159.048001
9.452705,STEP,3.000000,1.845379,0.000000,1.154621,159.048001
9.462898,STEP,3.000000,1.845379,0.000000,1.154621,159.048001
9.473451,STEP,3.000000,1.845379,0.000000,1.154621,159.048001
9.483727,STEP,3.000000,1.845379,0.000000,1.154621,159.048001
9.494224,STEP,3.000000,1.845379,0.000000,1.154621,159.048001
9.504432,STEP,3.000000,1.845379,0.000000,1.154621,159.048001
9.514939,STEP,3.000000,1.845379,0.000000,1.154621,159.048001
9.525190,STEP,3.000000,1.845379,0.000000,1.154621,159.048001
9.535691,STEP,3.000000,1.845379,0.000000,1.154621,159.048001
9.545899,STEP,3.000000,1.845379,0.000000,1.154621,159.048001
9.556438,STEP,3.000000,1.845379,0.000000,1.154621,159.048001
9.566721,STEP,3.000000,1.845379,0.000000,1.154621,159.048001
9.577304,STEP,3.000000,1.845379,0.000000,1.154621,159.048001
9.587525,STEP,3.000000,1.845379,0.000000,1.154621,159.048001
9.598076,STEP,3.000000,1.845379,0.000000,1.154621,159.048001
9.608391,STEP,3.000000,1.845379,0.000000,1.154621,159.048001
9.618896,STEP,3.000000,1.845379,0.000000,1.154621,159.048001
9.629116,STEP,3.000000,1.845379,0.000000,1.154621,159.048001
9.639544,STEP,3.000000,1.845379,0.000000,1.154621,159.048001
9.649758,STEP,3.000000,1.845379,0.000000,1.154621,159.048001
9.660244,STEP,3.000000,1.845379,0.000000,1.154621,159.048001
9.670747,STEP,3.000000,1.845379,0.000000,1.154621,159.048001
9.681185,STEP,3.000000,1.845379,0.000000,1.154621,159.048001
9.691410,STEP,3.000000,1.845379,0.000000,1.154621,159.048001
9.701836,STEP,3.000000,1.845379,0.000000,1.154621,159.048001
9.712049,STEP,3.000000,1.845379,0.000000,1.154621,159.048001
9.722476,STEP,3.000000,1.845379,0.000000,1.154621,159.048001
9.732701,STEP,3.000000,1.845379,0.000000,1.154621,159.048001
9.743273,STEP,3.000000,1.845379,0.000000,1.154621,159.048001
9.753518,STEP,3.000000,1.845379,0.000000,1.154621,159.048001
9.764018,STEP,3.000000,1.845379,0.000000,1.154621,159.048001
9.774243,STEP,3.000000,1.845379,0.000000,1.154621,159.048001
9.784703,STEP,3.000000,1.845379,0.000000,1.154621,159.048001
9.794930,STEP,3.000000,1.845379,0.000000,1.154621,159.048001
9.805387,STEP,3.000000,1.845379,0.000000,1.154621,159.048001
9.815609,STEP,3.000000,1.845379,0.000000,1.154621,159.048001
9.826093,STEP,3.000000,1.845379,0.000000,1.154621,159.048001
9.836313,STEP,3.000000,1.845379,0.000000,1.154621,159.048001
9.846738,STEP,3.000000,1.845379,0.000000,1.154621,159.048001
9.856920,STEP,3.000000,1.845379,0.000000,1.154621,159.048001
9.867309,STEP,3.000000,1.845379,0.000000,1.154621,159.048001
9.877530,STEP,3.000000,1.845379,0.000000,1.154621,159.048001
9.887977,STEP,3.000000,1.845379,0.000000,1.154621,159.048001
9.898177,STEP,3.000000,1.845379,0.000000,1.154621,159.048001
9.908641,STEP,3.000000,1.845379,0.000000,1.154621,159.048001
9.918885,STEP,3.000000,1.845379,0.000000,1.154621,159.048001
9.929298,STEP,3.000000,1.845379,0.000000,1.154621,159.048001
9.939474,STEP,3.000000,1.845379,0.000000,1.154621,159.048001
9.949934,STEP,3.000000,1.845379,0.000000,1.154621,159.048001
9.960149,STEP,3.000000,1.845379,0.000000,1.154621,159.048001
9.970569,STEP,3.000000,1.845379,0.000000,1.154621,159.048001
9.980792,STEP,3.000000,1.845379,0.000000,1.154621,159.048001
9.991281,STEP,3.000000,1.845379,0.000000,1.154621,159.048001
10.001490,STEP,3.000000,1.845379,0.000000,1.154621,159.048001
10.011952,STEP,3.000000,1.845379,0.000000,1.154621,159.048001
10.022111,STEP,3.000000,1.845379,0.000000,1.154621,159.048001
10.032562,STEP,3.000000,1.845379,0.000000,1.154621,159.048001
10.042883,STEP,3.000000,1.845379,0.000000,1.154621,159.048001
10.053302,STEP,3.000000,1.845379,0.000000,1.154621,159.048001
10.063481,STEP,3.000000,1.845379,0.000000,1.154621,159.048001
10.073901,STEP,3.000000,1.845379,0.000000,1.154621,159.048001
10.084095,STEP,3.000000,1.845379,0.000000,1.154621,159.048001
10.094511,STEP,3.000000,1.845379,0.000000,1.154621,159.048001
10.104702,STEP,3.000000,1.845379,0.000000,1.154621,159.048001
10.115099,STEP,3.000000,1.845379,0.000000,1.154621,159.048001
10.125318,STEP,3.000000,1.845379,0.000000,1.154621,159.048001
10.135817,STEP,3.000000,1.845379,0.000000,1.154621,159.048001
10.146018,STEP,3.000000,1.845379,0.000000,1.154621,159.048001
10.156477,STEP,3.000000,1.845379,0.000000,1.154621,159.048001
10.166820,STEP,3.000000,1.845379,0.000000,1.154621,159.048001
10.177672,STEP,3.000000,1.845379,0.000000,1.154621,159.048001
10.187872,STEP,3.000000,1.845379,0.000000,1.154621,159.048001
10.198426,STEP,3.000000,1.845379,0.000000,1.154621,159.048001
10.208660,STEP,3.000000,1.845379,0.000000,1.154621,159.048001
10.219149,STEP,3.000000,1.845379,0.000000,1.154621,159.048001
10.229426,STEP,3.000000,1.845379,0.000000,1.154621,159.048001
10.239926,STEP,3.000000,1.845379,0.000000,1.154621,159.048001
10.250133,STEP,3.000000,1.845379,0.000000,1.154621,159.048001
10.260635,STEP,3.000000,1.845379,0.000000,1.154621,159.048001
10.270917,STEP,3.000000,1.845379,0.000000,1.154621,159.048001
10.281369,STEP,3.000000,1.845379,0.000000,1.154621,159.048001
10.291614,STEP,3.000000,1.845379,0.000000,1.154621,159.048001
10.302192,STEP,3.000000,1.845379,0.000000,1.154621,159.048001
10.312419,STEP,3.000000,1.845379,0.000000,1.154621,159.048001
10.322999,STEP,3.000000,1.845379,0.000000,1.154621,159.048001
10.333184,STEP,3.000000,1.845379,0.000000,1.154621,159.048001
10.343598,STEP,3.000000,1.845379,0.000000,1.154621,159.048001
10.353803,STEP,3.000000,1.845379,0.000000,1.154621,159.048001
10.364182,STEP,3.000000,1.845379,0.000000,1.154621,159.048001
10.374363,STEP,3.000000,1.845379,0.000000,1.154621,159.048001
10.384845,STEP,3.000000,1.845379,0.000000,1.154621,159.048001
10.395067,STEP,3.000000,1.845379,0.000000,1.154621,159.048001
10.405511,STEP,3.000000,1.845379,0.000000,1.154621,159.048001
10.415745,STEP,3.000000,1.845379,0.000000,1.154621,159.048001
10.426236,STEP,3.000000,1.845379,0.000000,1.154621,159.048001
10.436503,STEP,3.000000,1.845379,0.000000,1.154621,159.048001
10.447006,STEP,3.000000,1.845379,0.000000,1.154621,159.048001
10.457239,STEP,3.000000,1.845379,0.000000,1.154621,159.048001
10.467667,STEP,3.000000,1.845379,0.000000,1.154621,159.048001
10.477866,STEP,3.000000,1.845379,0.000000,1.154621,159.048001
10.488299,STEP,3.000000,1.843845,0.000000,1.156155,159.335610
10.498588,STEP,3.000000,1.843845,0.000000,1.156155,159.335610
10.509168,STEP,3.000000,1.845379,0.000000,1.154621,159.048001
10.519447,STEP,3.000000,1.845379,0.000000,1.154621,159.048001
10.529997,STEP,3.000000,1.845379,0.000000,1.154621,159.048001
10.540182,STEP,3.000000,1.845379,0.000000,1.154621,159.048001
10.550590,STEP,3.000000,1.845379,0.000000,1.154621,159.048001
10.560908,STEP,3.000000,1.845379,0.000000,1.154621,159.048001
10.571405,STEP,3.000000,1.845379,0.000000,1.154621,159.048001
10.581664,STEP,3.000000,1.845379,0.000000,1.154621,159.048001
10.592269,STEP,3.000000,1.845379,0.000000,1.154621,159.048001
10.602578,STEP,3.000000,1.845379,0.000000,1.154621,159.048001
10.613129,STEP,3.000000,1.845379,0.000000,1.154621,159.048001
10.623284,STEP,3.000000,1.845379,0.000000,1.154621,159.048001
10.633758,STEP,3.000000,1.845379,0.000000,1.154621,159.048001
10.643958,STEP,3.000000,1.845379,0.000000,1.154621,159.048001
10.654358,STEP,3.000000,1.845379,0.000000,1.154621,159.048001
10.664577,STEP,3.000000,1.845379,0.000000,1.154621,159.048001
10.675006,STEP,3.000000,1.845379,0.000000,1.154621,159.048001
10.685588,STEP,3.000000,1.845379,0.000000,1.154621,159.048001
10.696025,STEP,3.000000,1.845379,0.000000,1.154621,159.048001
10.706220,STEP,3.000000,1.845379,0.000000,1.154621,159.048001
10.716692,STEP,3.000000,1.845379,0.000000,1.154621,159.048001
10.726896,STEP,3.000000,1.845379,0.000000,1.154621,159.048001
10.737344,STEP,3.000000,1.845379,0.000000,1.154621,159.048001
10.747584,STEP,3.000000,1.845379,0.000000,1.154621,159.048001
10.758111,STEP,3.000000,1.845379,0.000000,1.154621,159.048001
10.768341,STEP,3.000000,1.845379,0.000000,1.154621,159.048001
10.778783,STEP,3.000000,1.845379,0.000000,1.154621,159.048001
10.788991,STEP,3.000000,1.845379,0.000000,1.154621,159.048001
10.799456,STEP,3.000000,1.845379,0.000000,1.154621,159.048001
10.809669,STEP,3.000000,1.845379,0.000000,1.154621,159.048001
10.820202,STEP,3.000000,1.845379,0.000000,1.154621,159.048001
10.830410,STEP,3.000000,1.845379,0.000000,1.154621,159.048001
10.840929,STEP,3.000000,1.845379,0.000000,1.154621,159.048001
10.851140,STEP,3.000000,1.845379,0.000000,1.154621,159.048001
10.861618,STEP,3.000000,1.845379,0.000000,1.154621,159.048001
10.871933,STEP,3.000000,1.845379,0.000000,1.154621,159.048001
10.882366,STEP,3.000000,1.845379,0.000000,1.154621,159.048001
10.892604,STEP,3.000000,1.845379,0.000000,1.154621,159.048001
10.903044,STEP,3.000000,1.845379,0.000000,1.154621,159.048001
10.913262,STEP,3.000000,1.845379,0.000000,1.154621,159.048001
10.923876,STEP,3.000000,1.845379,0.000000,1.154621,159.048001
10.934077,STEP,3.000000,1.845379,0.000000,1.154621,159.048001
10.944478,STEP,3.000000,1.845379,0.000000,1.154621,159.048001
10.954727,STEP,3.000000,1.845379,0.000000,1.154621,159.048001
10.965229,STEP,3.000000,1.845379,0.000000,1.154621,159.048001
10.975533,STEP,3.000000,1.845379,0.000000,1.154621,159.048001
10.986327,STEP,3.000000,1.845379,0.000000,1.154621,159.048001
10.996630,STEP,3.000000,1.845379,0.000000,1.154621,159.048001
11.007170,STEP,3.000000,1.845379,0.000000,1.154621,159.048001
11.017376,STEP,3.000000,1.845379,0.000000,1.154621,159.048001
11.027899,STEP,3.000000,1.845379,0.000000,1.154621,159.048001
11.038080,STEP,3.000000,1.845379,0.000000,1.154621,159.048001
11.048611,STEP,3.000000,1.845379,0.000000,1.154621,159.048001
11.058922,STEP,3.000000,1.845379,0.000000,1.154621,159.048001
11.069465,STEP,3.000000,1.845379,0.000000,1.154621,159.048001
11.079745,STEP,3.000000,1.845379,0.000000,1.154621,159.048001
11.090175,STEP,3.000000,1.845379,0.000000,1.154621,159.048001
11.100373,STEP,3.000000,1.845379,0.000000,1.154621,159.048001
11.110838,STEP,3.000000,1.845379,0.000000,1.154621,159.048001
11.121019,STEP,3.000000,1.845379,0.000000,1.154621,159.048001
11.131438,STEP,3.000000,1.845379,0.000000,1.154621,159.048001
11.141641,STEP,3.000000,1.845379,0.000000,1.154621,159.048001
11.152048,STEP,3.000000,1.845379,0.000000,1.154621,159.048001
11.162226,STEP,3.000000,1.845379,0.000000,1.154621,159.048001
11.172632,STEP,3.000000,1.845379,0.000000,1.154621,159.048001
11.182814,STEP,3.000000,1.845379,0.000000,1.154621,159.048001
11.193573,STEP,3.000000,1.845379,0.000000,1.154621,159.048001
11.203799,STEP,3.000000,1.845379,0.000000,1.154621,159.048001
11.214260,STEP,3.000000,1.845379,0.000000,1.154621,159.048001
11.224476,STEP,3.000000,1.845379,0.000000,1.154621,159.048001
11.234886,STEP,3.000000,1.845379,0.000000,1.154621,159.048001
11.245085,STEP,3.000000,1.845379,0.000000,1.154621,159.048001
11.255540,STEP,3.000000,1.845379,0.000000,1.154621,159.048001
11.265741,STEP,3.000000,1.845379,0.000000,1.154621,159.048001
11.276192,STEP,3.000000,1.845379,0.000000,1.154621,159.048001
11.286407,STEP,3.000000,1.845379,0.000000,1.154621,159.048001
11.296834,STEP,3.000000,1.845379,0.000000,1.154621,159.048001
11.307002,STEP,3.000000,1.845379,0.000000,1.154621,159.048001
11.317380,STEP,3.000000,1.845379,0.000000,1.154621,159.048001
11.327583,STEP,3.000000,1.845379,0.000000,1.154621,159.048001
11.337986,STEP,3.000000,1.845379,0.000000,1.154621,159.048001
11.348177,STEP,3.000000,1.845379,0.000000,1.154621,159.048001
11.358642,STEP,3.000000,1.845379,0.000000,1.154621,159.048001
11.368829,STEP,3.000000,1.845379,0.000000,1.154621,159.048001
11.379230,STEP,3.000000,1.845379,0.000000,1.154621,159.048001
11.389448,STEP,3.000000,1.845379,0.000000,1.154621,159.048001
11.399952,STEP,3.000000,1.845379,0.000000,1.154621,159.048001
11.410211,STEP,3.000000,1.845379,0.000000,1.154621,159.048001
11.420678,STEP,3.000000,1.845379,0.000000,1.154621,159.048001
11.430881,STEP,3.000000,1.845379,0.000000,1.154621,159.048001
11.441356,STEP,3.000000,1.845379,0.000000,1.154621,159.048001
11.451560,STEP,3.000000,1.845379,0.000000,1.154621,159.048001
11.462077,STEP,3.000000,1.845379,0.000000,1.154621,159.048001
11.472299,STEP,3.000000,1.845379,0.000000,1.154621,159.048001
11.482744,STEP,3.000000,1.845379,0.000000,1.154621,159.048001
11.492958,STEP,3.000000,1.845379,0.000000,1.154621,159.048001
11.503381,STEP,3.000000,1.845379,0.000000,1.154621,159.048001
11.513561,STEP,3.000000,1.845379,0.000000,1.154621,159.048001
11.524065,STEP,3.000000,1.845379,0.000000,1.154621,159.048001
11.534263,STEP,3.000000,1.845379,0.000000,1.154621,159.048001
11.544683,STEP,3.000000,1.845379,0.000000,1.154621,159.048001
11.554855,STEP,3.000000,1.845379,0.000000,1.154621,159.048001
11.565232,STEP,3.000000,1.845379,0.000000,1.154621,159.048001
11.575495,STEP,3.000000,1.845379,0.000000,1.154621,159.048001
11.585973,STEP,3.000000,1.845379,0.000000,1.154621,159.048001
11.596162,STEP,3.000000,1.845379,0.000000,1.154621,159.048001
11.606565,STEP,3.000000,1.845379,0.000000,1.154621,159.048001
11.616744,STEP,3.000000,1.845379,0.000000,1.154621,159.048001
11.627209,STEP,3.000000,1.845379,0.000000,1.154621,159.048001
11.637438,STEP,3.000000,1.845379,0.000000,1.154621,159.048001
11.647887,STEP,3.000000,1.845379,0.000000,1.154621,159.048001
11.658102,STEP,3.000000,1.845379,0.000000,1.154621,159.048001
11.668522,STEP,3.000000,1.845379,0.000000,1.154621,159.048001
11.678726,STEP,3.000000,1.845379,0.000000,1.154621,159.048001
11.689171,STEP,3.000000,1.845379,0.000000,1.154621,159.048001
11.699715,STEP,3.000000,1.845379,0.000000,1.154621,159.048001
11.710164,STEP,3.000000,1.845379,0.000000,1.154621,159.048001
11.720425,STEP,3.000000,1.845379,0.000000,1.154621,159.048001
11.730995,STEP,3.000000,1.845379,0.000000,1.154621,159.048001
11.741249,STEP,3.000000,1.845379,0.000000,1.154621,159.048001
11.751785,STEP,3.000000,1.845379,0.000000,1.154621,159.048001
11.762108,STEP,3.000000,1.845379,0.000000,1.154621,159.048001
11.772581,STEP,3.000000,1.845379,0.000000,1.154621,159.048001
11.782873,STEP,3.000000,1.845379,0.000000,1.154621,159.048001
11.793386,STEP,3.000000,1.845379,0.000000,1.154621,159.048001
11.803615,STEP,3.000000,1.845379,0.000000,1.154621,159.048001
11.814037,STEP,3.000000,1.845379,0.000000,1.154621,159.048001
11.824252,STEP,3.000000,1.845379,0.000000,1.154621,159.048001
11.834828,STEP,3.000000,1.845379,0.000000,1.154621,159.048001
11.845053,STEP,3.000000,1.845379,0.000000,1.154621,159.048001
11.855464,STEP,3.000000,1.845379,0.000000,1.154621,159.048001
11.865759,STEP,3.000000,1.845379,0.000000,1.154621,159.048001
11.876245,STEP,3.000000,1.845379,0.000000,1.154621,159.048001
11.886514,STEP,3.000000,1.845379,0.000000,1.154621,159.048001
11.896949,STEP,3.000000,1.845379,0.000000,1.154621,159.048001
11.907164,STEP,3.000000,1.845379,0.000000,1.154621,159.048001
11.917632,STEP,3.000000,1.845379,0.000000,1.154621,159.048001
11.927816,STEP,3.000000,1.845379,0.000000,1.154621,159.048001
11.938327,STEP,3.000000,1.845379,0.000000,1.154621,159.048001
11.948623,STEP,3.000000,1.845379,0.000000,1.154621,159.048001
11.959343,STEP,3.000000,1.845379,0.000000,1.154621,159.048001
11.969628,STEP,3.000000,1.845379,0.000000,1.154621,159.048001
11.980088,STEP,3.000000,1.845379,0.000000,1.154621,159.048001
11.990288,STEP,3.000000,1.845379,0.000000,1.154621,159.048001
12.000753,STEP,3.000000,1.845379,0.000000,1.154621,159.048001
12.010968,STEP,3.000000,1.845379,0.000000,1.154621,159.048001
12.021417,STEP,3.000000,1.845379,0.000000,1.154621,159.048001
12.031631,STEP,3.000000,1.845379,0.000000,1.154621,159.048001
12.042323,STEP,3.000000,1.845379,0.000000,1.154621,159.048001
12.052594,STEP,3.000000,1.845379,0.000000,1.154621,159.048001
12.063138,STEP,3.000000,1.845379,0.000000,1.154621,159.048001
12.073332,STEP,3.000000,1.845379,0.000000,1.154621,159.048001
12.083776,STEP,3.000000,1.845379,0.000000,1.154621,159.048001
12.093978,STEP,3.000000,1.845379,0.000000,1.154621,159.048001
12.104423,STEP,3.000000,1.845379,0.000000,1.154621,159.048001
12.114635,STEP,3.000000,1.845379,0.000000,1.154621,159.048001
12.125167,STEP,3.000000,1.845379,0.000000,1.154621,159.048001
12.135415,STEP,3.000000,1.845379,0.000000,1.154621,159.048001
12.145897,STEP,3.000000,1.845379,0.000000,1.154621,159.048001
12.156135,STEP,3.000000,1.845379,0.000000,1.154621,159.048001
12.166647,STEP,3.000000,1.845379,0.000000,1.154621,159.048001
12.176989,STEP,3.000000,1.845379,0.000000,1.154621,159.048001
12.187500,STEP,3.000000,1.845379,0.000000,1.154621,159.048001
12.197805,STEP,3.000000,1.845379,0.000000,1.154621,159.048001
12.208726,STEP,3.000000,1.845379,0.000000,1.154621,159.048001
12.219051,STEP,3.000000,1.845379,0.000000,1.154621,159.048001
12.229508,STEP,3.000000,1.845379,0.000000,1.154621,159.048001
12.239716,STEP,3.000000,1.845379,0.000000,1.154621,159.048001
12.250241,STEP,3.000000,1.845379,0.000000,1.154621,159.048001
12.260463,STEP,3.000000,1.845379,0.000000,1.154621,159.048001
12.270891,STEP,3.000000,1.845379,0.000000,1.154621,159.048001
12.281094,STEP,3.000000,1.845379,0.000000,1.154621,159.048001
12.291569,STEP,3.000000,1.845379,0.000000,1.154621,159.048001
12.301761,STEP,3.000000,1.845379,0.000000,1.154621,159.048001
12.312168,STEP,3.000000,1.845379,0.000000,1.154621,159.048001
12.322370,STEP,3.000000,1.845379,0.000000,1.154621,159.048001
12.332802,STEP,3.000000,1.845379,0.000000,1.154621,159.048001
12.343090,STEP,3.000000,1.845379,0.000000,1.154621,159.048001
12.353514,STEP,3.000000,1.845379,0.000000,1.154621,159.048001
12.363694,STEP,3.000000,1.845379,0.000000,1.154621,159.048001
12.374160,STEP,3.000000,1.845379,0.000000,1.154621,159.048001
12.384375,STEP,3.000000,1.845379,0.000000,1.154621,159.048001
12.394835,STEP,3.000000,1.845379,0.000000,1.154621,159.048001
12.405033,STEP,3.000000,1.845379,0.000000,1.154621,159.048001
12.415471,STEP,3.000000,1.845379,0.000000,1.154621,159.048001
12.425704,STEP,3.000000,1.845379,0.000000,1.154621,159.048001
12.436174,STEP,3.000000,1.845379,0.000000,1.154621,159.048001
12.446398,STEP,3.000000,1.845379,0.000000,1.154621,159.048001
12.456876,STEP,3.000000,1.845379,0.000000,1.154621,159.048001
12.467079,STEP,3.000000,1.845379,0.000000,1.154621,159.048001
12.477525,STEP,3.000000,1.845379,0.000000,1.154621,159.048001
12.487729,STEP,3.000000,1.845379,0.000000,1.154621,159.048001
12.498169,STEP,3.000000,1.845379,0.000000,1.154621,159.048001
12.508393,STEP,3.000000,1.845379,0.000000,1.154621,159.048001
12.518818,STEP,3.000000,1.845379,0.000000,1.154621,159.048001
12.529004,STEP,3.000000,1.845379,0.000000,1.154621,159.048001
12.539421,STEP,3.000000,1.845379,0.000000,1.154621,159.048001
12.549643,STEP,3.000000,1.845379,0.000000,1.154621,159.048001
12.560102,STEP,3.000000,1.845379,0.000000,1.154621,159.048001
12.570321,STEP,3.000000,1.845379,0.000000,1.154621,159.048001
12.580726,STEP,3.000000,1.845379,0.000000,1.154621,159.048001
12.590947,STEP,3.000000,1.845379,0.000000,1.154621,159.048001
12.601368,STEP,3.000000,1.845379,0.000000,1.154621,159.048001
12.611579,STEP,3.000000,1.845379,0.000000,1.154621,159.048001
12.622003,STEP,3.000000,1.845379,0.000000,1.154621,159.048001
12.632206,STEP,3.000000,1.845379,0.000000,1.154621,159.048001
12.642900,STEP,3.000000,1.845379,0.000000,1.154621,159.048001
12.653211,STEP,3.000000,1.845379,0.000000,1.154621,159.048001
12.663659,STEP,3.000000,1.845379,0.000000,1.154621,159.048001
12.673879,STEP,3.000000,1.845379,0.000000,1.154621,159.048001
12.684267,STEP,3.000000,1.845379,0.000000,1.154621,159.048001
12.694454,STEP,3.000000,1.845379,0.000000,1.154621,159.048001
12.704863,STEP,3.000000,1.845379,0.000000,1.154621,159.048001
12.715379,STEP,3.000000,1.845379,0.000000,1.154621,159.048001
12.725957,STEP,3.000000,1.845379,0.000000,1.154621,159.048001
12.736173,STEP,3.000000,1.845379,0.000000,1.154621,159.048001
12.746652,STEP,3.000000,1.845379,0.000000,1.154621,159.048001
12.756890,STEP,3.000000,1.845379,0.000000,1.154621,159.048001
12.767359,STEP,3.000000,1.845379,0.000000,1.154621,159.048001
12.777603,STEP,3.000000,1.845379,0.000000,1.154621,159.048001
12.788016,STEP,3.000000,1.845379,0.000000,1.154621,159.048001
12.798250,STEP,3.000000,1.845379,0.000000,1.154621,159.048001
12.808832,STEP,3.000000,1.845379,0.000000,1.154621,159.048001
12.819062,STEP,3.000000,1.845379,0.000000,1.154621,159.048001
12.829517,STEP,3.000000,1.845379,0.000000,1.154621,159.048001
12.839698,STEP,3.000000,1.845379,0.000000,1.154621,159.048001
12.850137,STEP,3.000000,1.845379,0.000000,1.154621,159.048001
12.860336,STEP,3.000000,1.845379,0.000000,1.154621,159.048001
12.870817,STEP,3.000000,1.845379,0.000000,1.154621,159.048001
12.881000,STEP,3.000000,1.845379,0.000000,1.154621,159.048001
12.891435,STEP,3.000000,1.845379,0.000000,1.154621,159.048001
12.901634,STEP,3.000000,1.845379,0.000000,1.154621,159.048001
12.912039,STEP,3.000000,1.845379,0.000000,1.154621,159.048001
12.922250,STEP,3.000000,1.845379,0.000000,1.154621,159.048001
12.932700,STEP,3.000000,1.845379,0.000000,1.154621,159.048001
12.943031,STEP,3.000000,1.845379,0.000000,1.154621,159.048001
12.953501,STEP,3.000000,1.845379,0.000000,1.154621,159.048001
12.963700,STEP,3.000000,1.845379,0.000000,1.154621,159.048001
12.974159,STEP,3.000000,1.845379,0.000000,1.154621,159.048001
12.984367,STEP,3.000000,1.845379,0.000000,1.154621,159.048001
12.994891,STEP,3.000000,1.845379,0.000000,1.154621,159.048001
13.005123,STEP,3.000000,1.845379,0.000000,1.154621,159.048001
13.015701,STEP,3.000000,1.845379,0.000000,1.154621,159.048001
13.026118,STEP,3.000000,1.845379,0.000000,1.154621,159.048001
13.036671,STEP,3.000000,1.845379,0.000000,1.154621,159.048001
13.046902,STEP,3.000000,1.845379,0.000000,1.154621,159.048001
13.057441,STEP,3.000000,1.845379,0.000000,1.154621,159.048001
13.067666,STEP,3.000000,1.845379,0.000000,1.154621,159.048001
13.078102,STEP,3.000000,1.845379,0.000000,1.154621,159.048001
13.088305,STEP,3.000000,1.845379,0.000000,1.154621,159.048001
13.098804,STEP,3.000000,1.845379,0.000000,1.154621,159.048001
13.109099,STEP,3.000000,1.845379,0.000000,1.154621,159.048001
13.119633,STEP,3.000000,1.845379,0.000000,1.154621,159.048001
13.129810,STEP,3.000000,1.845379,0.000000,1.154621,159.048001
13.140335,STEP,3.000000,1.845379,0.000000,1.154621,159.048001
13.150556,STEP,3.000000,1.845379,0.000000,1.154621,159.048001
13.161199,STEP,3.000000,1.845379,0.000000,1.154621,159.048001
13.171459,STEP,3.000000,1.845379,0.000000,1.154621,159.048001
13.181988,STEP,3.000000,1.845379,0.000000,1.154621,159.048001
13.192251,STEP,3.000000,1.845379,0.000000,1.154621,159.048001
13.202738,STEP,3.000000,1.845379,0.000000,1.154621,159.048001
13.213026,STEP,3.000000,1.845379,0.000000,1.154621,159.048001
13.223899,STEP,3.000000,1.845379,0.000000,1.154621,159.048001
13.234079,STEP,3.000000,1.845379,0.000000,1.154621,159.048001
13.244609,STEP,3.000000,1.845379,0.000000,1.154621,159.048001
13.254838,STEP,3.000000,1.845379,0.000000,1.154621,159.048001
13.265348,STEP,3.000000,1.845379,0.000000,1.154621,159.048001
13.275643,STEP,3.000000,1.845379,0.000000,1.154621,159.048001
13.286114,STEP,3.000000,1.845379,0.000000,1.154621,159.048001
13.296348,STEP,3.000000,1.845379,0.000000,1.154621,159.048001
13.306841,STEP,3.000000,1.845379,0.000000,1.154621,159.048001
13.317041,STEP,3.000000,1.845379,0.000000,1.154621,159.048001
13.327511,STEP,3.000000,1.845379,0.000000,1.154621,159.048001
13.337714,STEP,3.000000,1.845379,0.000000,1.154621,159.048001
13.348159,STEP,3.000000,1.845379,0.000000,1.154621,159.048001
13.358391,STEP,3.000000,1.845379,0.000000,1.154621,159.048001
13.368829,STEP,3.000000,1.845379,0.000000,1.154621,159.048001
13.379039,STEP,3.000000,1.845379,0.000000,1.154621,159.048001
13.389495,STEP,3.000000,1.845379,0.000000,1.154621,159.048001
13.399729,STEP,3.000000,1.845379,0.000000,1.154621,159.048001
13.410207,STEP,3.000000,1.845379,0.000000,1.154621,159.048001
13.420423,STEP,3.000000,1.845379,0.000000,1.154621,159.048001
13.430865,STEP,3.000000,1.845379,0.000000,1.154621,159.048001
13.441059,STEP,3.000000,1.845379,0.000000,1.154621,159.048001
13.451493,STEP,3.000000,1.845379,0.000000,1.154621,159.048001
13.461713,STEP,3.000000,1.845379,0.000000,1.154621,159.048001
13.472157,STEP,3.000000,1.845379,0.000000,1.154621,159.048001
13.482371,STEP,3.000000,1.845379,0.000000,1.154621,159.048001
13.492960,STEP,3.000000,1.845379,0.000000,1.154621,159.048001
13.503183,STEP,3.000000,1.845379,0.000000,1.154621,159.048001
13.513623,STEP,3.000000,1.845379,0.000000,1.154621,159.048001
13.523761,STEP,3.000000,1.845379,0.000000,1.154621,159.048001
13.534150,STEP,3.000000,1.845379,0.000000,1.154621,159.048001
13.544367,STEP,3.000000,1.845379,0.000000,1.154621,159.048001
13.554786,STEP,3.000000,1.845379,0.000000,1.154621,159.048001
13.564974,STEP,3.000000,1.845379,0.000000,1.154621,159.048001
13.575436,STEP,3.000000,1.845379,0.000000,1.154621,159.048001
13.585645,STEP,3.000000,1.845379,0.000000,1.154621,159.048001
13.596118,STEP,3.000000,1.845379,0.000000,1.154621,159.048001
13.606348,STEP,3.000000,1.845379,0.000000,1.154621,159.048001
13.616826,STEP,3.000000,1.845379,0.000000,1.154621,159.048001
13.627040,STEP,3.000000,1.845379,0.000000,1.154621,159.048001
13.637466,STEP,3.000000,1.845379,0.000000,1.154621,159.048001
13.647714,STEP,3.000000,1.845379,0.000000,1.154621,159.048001
13.658232,STEP,3.000000,1.845379,0.000000,1.154621,159.048001
13.668441,STEP,3.000000,1.845379,0.000000,1.154621,159.048001
13.678934,STEP,3.000000,1.845379,0.000000,1.154621,159.048001
13.689185,STEP,3.000000,1.845379,0.000000,1.154621,159.048001
13.699637,STEP,3.000000,1.845379,0.000000,1.154621,159.048001
13.709864,STEP,3.000000,1.845379,0.000000,1.154621,159.048001
13.720255,STEP,3.000000,1.845379,0.000000,1.154621,159.048001
13.730766,STEP,3.000000,1.845379,0.000000,1.154621,159.048001
13.741282,STEP,3.000000,1.845379,0.000000,1.154621,159.048001
13.751508,STEP,3.000000,1.845379,0.000000,1.154621,159.048001
13.762048,STEP,3.000000,1.845379,0.000000,1.154621,159.048001
13.772232,STEP,3.000000,1.845379,0.000000,1.154621,159.048001
13.782732,STEP,3.000000,1.845379,0.000000,1.154621,159.048001
13.792955,STEP,3.000000,1.845379,0.000000,1.154621,159.048001
13.803416,STEP,3.000000,1.845379,0.000000,1.154621,159.048001
13.813641,STEP,3.000000,1.845379,0.000000,1.154621,159.048001
13.824132,STEP,3.000000,1.845379,0.000000,1.154621,159.048001
13.834335,STEP,3.000000,1.845379,0.000000,1.154621,159.048001
13.844786,STEP,3.000000,1.845379,0.000000,1.154621,159.048001
13.854970,STEP,3.000000,1.845379,0.000000,1.154621,159.048001
13.865440,STEP,3.000000,1.845379,0.000000,1.154621,159.048001
13.875688,STEP,3.000000,1.845379,0.000000,1.154621,159.048001
13.886198,STEP,3.000000,1.845379,0.000000,1.154621,159.048001
13.896430,STEP,3.000000,1.845379,0.000000,1.154621,159.048001
13.906868,STEP,3.000000,1.845379,0.000000,1.154621,159.048001
13.917051,STEP,3.000000,1.845379,0.000000,1.154621,159.048001
13.927475,STEP,3.000000,1.845379,0.000000,1.154621,159.048001
13.937673,STEP,3.000000,1.845379,0.000000,1.154621,159.048001
13.948073,STEP,3.000000,1.845379,0.000000,1.154621,159.048001
13.958300,STEP,3.000000,1.845379,0.000000,1.154621,159.048001
13.968743,STEP,3.000000,1.845379,0.000000,1.154621,159.048001
13.978932,STEP,3.000000,1.845379,0.000000,1.154621,159.048001
13.989385,STEP,3.000000,1.845379,0.000000,1.154621,159.048001
13.999621,STEP,3.000000,1.845379,0.000000,1.154621,159.048001
14.010006,STEP,3.000000,1.845379,0.000000,1.154621,159.048001
14.020211,STEP,3.000000,1.845379,0.000000,1.154621,159.048001
14.030620,STEP,3.000000,1.845379,0.000000,1.154621,159.048001
14.040827,STEP,3.000000,1.845379,0.000000,1.154621,159.048001
14.051293,STEP,3.000000,1.845379,0.000000,1.154621,159.048001
14.061528,STEP,3.000000,1.845379,0.000000,1.154621,159.048001
14.072012,STEP,3.000000,1.845379,0.000000,1.154621,159.048001
14.082261,STEP,3.000000,1.845379,0.000000,1.154621,159.048001
14.092978,STEP,3.000000,1.845379,0.000000,1.154621,159.048001
14.103225,STEP,3.000000,1.845379,0.000000,1.154621,159.048001
14.113676,STEP,3.000000,1.845379,0.000000,1.154621,159.048001
14.123873,STEP,3.000000,1.845379,0.000000,1.154621,159.048001
14.134302,STEP,3.000000,1.845379,0.000000,1.154621,159.048001
14.144533,STEP,3.000000,1.845379,0.000000,1.154621,159.048001
14.155035,STEP,3.000000,1.845379,0.000000,1.154621,159.048001
14.165283,STEP,3.000000,1.845379,0.000000,1.154621,159.048001
14.175901,STEP,3.000000,1.845379,0.000000,1.154621,159.048001
14.186205,STEP,3.000000,1.845379,0.000000,1.154621,159.048001
14.196717,STEP,3.000000,1.845379,0.000000,1.154621,159.048001
14.206908,STEP,3.000000,1.845379,0.000000,1.154621,159.048001
14.217430,STEP,3.000000,1.845379,0.000000,1.154621,159.048001
14.227656,STEP,3.000000,1.845379,0.000000,1.154621,159.048001
14.238433,STEP,3.000000,1.845379,0.000000,1.154621,159.048001
14.248664,STEP,3.000000,1.845379,0.000000,1.154621,159.048001
14.259266,STEP,3.000000,1.845379,0.000000,1.154621,159.048001
14.269562,STEP,3.000000,1.845379,0.000000,1.154621,159.048001
14.280012,STEP,3.000000,1.845379,0.000000,1.154621,159.048001
14.290220,STEP,3.000000,1.845379,0.000000,1.154621,159.048001
14.300683,STEP,3.000000,1.845379,0.000000,1.154621,159.048001
14.310888,STEP,3.000000,1.845379,0.000000,1.154621,159.048001
14.321308,STEP,3.000000,1.845379,0.000000,1.154621,159.048001
14.331528,STEP,3.000000,1.845379,0.000000,1.154621,159.048001
14.342006,STEP,3.000000,1.845379,0.000000,1.154621,159.048001
14.352191,STEP,3.000000,1.845379,0.000000,1.154621,159.048001
14.362612,STEP,3.000000,1.845379,0.000000,1.154621,159.048001
14.372795,STEP,3.000000,1.845379,0.000000,1.154621,159.048001
14.383225,STEP,3.000000,1.845379,0.000000,1.154621,159.048001
14.393450,STEP,3.000000,1.845379,0.000000,1.154621,159.048001
14.403924,STEP,3.000000,1.845379,0.000000,1.154621,159.048001
14.414122,STEP,3.000000,1.845379,0.000000,1.154621,159.048001
14.424634,STEP,3.000000,1.845379,0.000000,1.154621,159.048001
14.434827,STEP,3.000000,1.845379,0.000000,1.154621,159.048001
14.445300,STEP,3.000000,1.845379,0.000000,1.154621,159.048001
14.455492,STEP,3.000000,1.845379,0.000000,1.154621,159.048001
14.465988,STEP,3.000000,1.845379,0.000000,1.154621,159.048001
14.476230,STEP,3.000000,1.845379,0.000000,1.154621,159.048001
14.486680,STEP,3.000000,1.845379,0.000000,1.154621,159.048001
14.496948,STEP,3.000000,1.845379,0.000000,1.154621,159.048001
14.507485,STEP,3.000000,1.845379,0.000000,1.154621,159.048001
14.517759,STEP,3.000000,1.845379,0.000000,1.154621,159.048001
14.528246,STEP,3.000000,1.845379,0.000000,1.154621,159.048001
14.538464,STEP,3.000000,1.845379,0.000000,1.154621,159.048001
14.548920,STEP,3.000000,1.845379,0.000000,1.154621,159.048001
14.559175,STEP,3.000000,1.845379,0.000000,1.154621,159.048001
14.569565,STEP,3.000000,1.845379,0.000000,1.154621,159.048001
14.579866,STEP,3.000000,1.845379,0.000000,1.154621,159.048001
14.590461,STEP,3.000000,1.845379,0.000000,1.154621,159.048001
14.600731,STEP,3.000000,1.845379,0.000000,1.154621,159.048001
14.611179,STEP,3.000000,1.845379,0.000000,1.154621,159.048001
14.621445,STEP,3.000000,1.845379,0.000000,1.154621,159.048001
14.631968,STEP,3.000000,1.845379,0.000000,1.154621,159.048001
14.642189,STEP,3.000000,1.845379,0.000000,1.154621,159.048001
14.652720,STEP,3.000000,1.845379,0.000000,1.154621,159.048001
14.662994,STEP,3.000000,1.845379,0.000000,1.154621,159.048001
14.673548,STEP,3.000000,1.845379,0.000000,1.154621,159.048001
14.683837,STEP,3.000000,1.845379,0.000000,1.154621,159.048001
14.694323,STEP,3.000000,1.845379,0.000000,1.154621,159.048001
14.704614,STEP,3.000000,1.845379,0.000000,1.154621,159.048001
14.715147,STEP,3.000000,1.845379,0.000000,1.154621,159.048001
14.725384,STEP,3.000000,1.845379,0.000000,1.154621,159.048001
14.735868,STEP,3.000000,1.845379,0.000000,1.154621,159.048001
14.746362,STEP,3.000000,1.845379,0.000000,1.154621,159.048001
14.756832,STEP,3.000000,1.845379,0.000000,1.154621,159.048001
14.767024,STEP,3.000000,1.845379,0.000000,1.154621,159.048001
14.777453,STEP,3.000000,1.845379,0.000000,1.154621,159.048001
14.787647,STEP,3.000000,1.845379,0.000000,1.154621,159.048001
14.798082,STEP,3.000000,1.845379,0.000000,1.154621,159.048001
14.808304,STEP,3.000000,1.845379,0.000000,1.154621,159.048001
14.818793,STEP,3.000000,1.845379,0.000000,1.154621,159.048001
14.829004,STEP,3.000000,1.845379,0.000000,1.154621,159.048001
14.839446,STEP,3.000000,1.845379,0.000000,1.154621,159.048001
14.849703,STEP,3.000000,1.845379,0.000000,1.154621,159.048001
14.860173,STEP,3.000000,1.845379,0.000000,1.154621,159.048001
14.870380,STEP,3.000000,1.845379,0.000000,1.154621,159.048001
14.880931,STEP,3.000000,1.845379,0.000000,1.154621,159.048001
14.891162,STEP,3.000000,1.845379,0.000000,1.154621,159.048001
14.901699,STEP,3.000000,1.845379,0.000000,1.154621,159.048001
14.912022,STEP,3.000000,1.845379,0.000000,1.154621,159.048001
14.922532,STEP,3.000000,1.845379,0.000000,1.154621,159.048001
14.932758,STEP,3.000000,1.845379,0.000000,1.154621,159.048001
14.943171,STEP,3.000000,1.845379,0.000000,1.154621,159.048001
14.953365,STEP,3.000000,1.845379,0.000000,1.154621,159.048001
14.963858,STEP,3.000000,1.845379,0.000000,1.154621,159.048001
14.974140,STEP,3.000000,1.845379,0.000000,1.154621,159.048001
14.984633,STEP,3.000000,1.845379,0.000000,1.154621,159.048001
14.994845,STEP,3.000000,1.845379,0.000000,1.154621,159.048001
15.005403,STEP,3.000000,1.845379,0.000000,1.154621,159.048001
15.015622,STEP,3.000000,1.845379,0.000000,1.154621,159.048001
15.026343,STEP,3.000000,1.845379,0.000000,1.154621,159.048001
15.036642,STEP,3.000000,1.845379,0.000000,1.154621,159.048001
15.047121,STEP,3.000000,1.845379,0.000000,1.154621,159.048001
15.057355,STEP,3.000000,1.845379,0.000000,1.154621,159.048001
15.067870,STEP,3.000000,1.845379,0.000000,1.154621,159.048001
15.078076,STEP,3.000000,1.845379,0.000000,1.154621,159.048001
15.088589,STEP,3.000000,1.845379,0.000000,1.154621,159.048001
15.098852,STEP,3.000000,1.845379,0.000000,1.154621,159.048001
15.109474,STEP,3.000000,1.845379,0.000000,1.154621,159.048001
15.119707,STEP,3.000000,1.845379,0.000000,1.154621,159.048001
15.130248,STEP,3.000000,1.845379,0.000000,1.154621,159.048001
15.140487,STEP,3.000000,1.845379,0.000000,1.154621,159.048001
15.151072,STEP,3.000000,1.845379,0.000000,1.154621,159.048001
15.161281,STEP,3.000000,1.845379,0.000000,1.154621,159.048001
15.171839,STEP,3.000000,1.845379,0.000000,1.154621,159.048001
15.182133,STEP,3.000000,1.845379,0.000000,1.154621,159.048001
15.192716,STEP,3.000000,1.845379,0.000000,1.154621,159.048001
15.202886,STEP,3.000000,1.845379,0.000000,1.154621,159.048001
15.213340,STEP,3.000000,1.845379,0.000000,1.154621,159.048001
15.223615,STEP,3.000000,1.845379,0.000000,1.154621,159.048001
15.234097,STEP,3.000000,1.845379,0.000000,1.154621,159.048001
15.244292,STEP,3.000000,1.845379,0.000000,1.154621,159.048001
15.255108,STEP,3.000000,1.845379,0.000000,1.154621,159.048001
15.265349,STEP,3.000000,1.845379,0.000000,1.154621,159.048001
15.276047,STEP,3.000000,1.845379,0.000000,1.154621,159.048001
15.286252,STEP,3.000000,1.845379,0.000000,1.154621,159.048001
15.296698,STEP,3.000000,1.845379,0.000000,1.154621,159.048001
15.306951,STEP,3.000000,1.845379,0.000000,1.154621,159.048001
15.317438,STEP,3.000000,1.845379,0.000000,1.154621,159.048001
15.327648,STEP,3.000000,1.845379,0.000000,1.154621,159.048001
15.338056,STEP,3.000000,1.845379,0.000000,1.154621,159.048001
15.348329,STEP,3.000000,1.845379,0.000000,1.154621,159.048001
15.358903,STEP,3.000000,1.845379,0.000000,1.154621,159.048001
15.369166,STEP,3.000000,1.845379,0.000000,1.154621,159.048001
15.379584,STEP,3.000000,1.845379,0.000000,1.154621,159.048001
15.389806,STEP,3.000000,1.845379,0.000000,1.154621,159.048001
15.400231,STEP,3.000000,1.845379,0.000000,1.154621,159.048001
15.410486,STEP,3.000000,1.845379,0.000000,1.154621,159.048001
15.420951,STEP,3.000000,1.845379,0.000000,1.154621,159.048001
15.431241,STEP,3.000000,1.845379,0.000000,1.154621,159.048001
15.441862,STEP,3.000000,1.845379,0.000000,1.154621,159.048001
15.452121,STEP,3.000000,1.845379,0.000000,1.154621,159.048001
15.462570,STEP,3.000000,1.845379,0.000000,1.154621,159.048001
15.472781,STEP,3.000000,1.845379,0.000000,1.154621,159.048001
15.483200,STEP,3.000000,1.845379,0.000000,1.154621,159.048001
15.493429,STEP,3.000000,1.845379,0.000000,1.154621,159.048001
15.503862,STEP,3.000000,1.845379,0.000000,1.154621,159.048001
15.514081,STEP,3.000000,1.845379,0.000000,1.154621,159.048001
15.524686,STEP,3.000000,1.845379,0.000000,1.154621,159.048001
15.534956,STEP,3.000000,1.845379,0.000000,1.154621,159.048001
15.545533,STEP,3.000000,1.845379,0.000000,1.154621,159.048001
15.555762,STEP,3.000000,1.845379,0.000000,1.154621,159.048001
15.566174,STEP,3.000000,1.845379,0.000000,1.154621,159.048001
15.576398,STEP,3.000000,1.845379,0.000000,1.154621,159.048001
15.586821,STEP,3.000000,1.845379,0.000000,1.154621,159.048001
15.597096,STEP,3.000000,1.845379,0.000000,1.154621,159.048001
15.607563,STEP,3.000000,1.845379,0.000000,1.154621,159.048001
15.617823,STEP,3.000000,1.845379,0.000000,1.154621,159.048001
15.628245,STEP,3.000000,1.845379,0.000000,1.154621,159.048001
15.638437,STEP,3.000000,1.845379,0.000000,1.154621,159.048001
15.648913,STEP,3.000000,1.845379,0.000000,1.154621,159.048001
15.659282,STEP,3.000000,1.845379,0.000000,1.154621,159.048001
15.669759,STEP,3.000000,1.845379,0.000000,1.154621,159.048001
15.679950,STEP,3.000000,1.845379,0.000000,1.154621,159.048001
15.690417,STEP,3.000000,1.845379,0.000000,1.154621,159.048001
15.700600,STEP,3.000000,1.845379,0.000000,1.154621,159.048001
15.710999,STEP,3.000000,1.843845,0.000000,1.156155,159.335610
15.721273,STEP,3.000000,1.843845,0.000000,1.156155,159.335610
15.731790,STEP,3.000000,1.845379,0.000000,1.154621,159.048001
15.742029,STEP,3.000000,1.845379,0.000000,1.154621,159.048001
15.752463,STEP,3.000000,1.845379,0.000000,1.154621,159.048001
15.762945,STEP,3.000000,1.845379,0.000000,1.154621,159.048001
15.773438,STEP,3.000000,1.845379,0.000000,1.154621,159.048001
15.783863,STEP,3.000000,1.845379,0.000000,1.154621,159.048001
15.794328,STEP,3.000000,1.845379,0.000000,1.154621,159.048001
15.804537,STEP,3.000000,1.845379,0.000000,1.154621,159.048001
15.815071,STEP,3.000000,1.845379,0.000000,1.154621,159.048001
15.825293,STEP,3.000000,1.845379,0.000000,1.154621,159.048001
15.835765,STEP,3.000000,1.845379,0.000000,1.154621,159.048001
15.845959,STEP,3.000000,1.845379,0.000000,1.154621,159.048001
15.856383,STEP,3.000000,1.845379,0.000000,1.154621,159.048001
15.866589,STEP,3.000000,1.845379,0.000000,1.154621,159.048001
15.877103,STEP,3.000000,1.845379,0.000000,1.154621,159.048001
15.887319,STEP,3.000000,1.845379,0.000000,1.154621,159.048001
15.897782,STEP,3.000000,1.845379,0.000000,1.154621,159.048001
15.908043,STEP,3.000000,1.845379,0.000000,1.154621,159.048001
15.918494,STEP,3.000000,1.845379,0.000000,1.154621,159.048001
15.928737,STEP,3.000000,1.845379,0.000000,1.154621,159.048001
15.939345,STEP,3.000000,1.845379,0.000000,1.154621,159.048001
15.949598,STEP,3.000000,1.845379,0.000000,1.154621,159.048001
15.960165,STEP,3.000000,1.845379,0.000000,1.154621,159.048001
15.970392,STEP,3.000000,1.845379,0.000000,1.154621,159.048001
15.980834,STEP,3.000000,1.845379,0.000000,1.154621,159.048001
15.991046,STEP,3.000000,1.845379,0.000000,1.154621,159.048001
